0.2,0.2,0,0.2,0.2,0
0.2,0,0,0.2,0,0
0.2,0,0,0.2,0,0
0.2,0,0.2,0,0.2,0.2
0.2,0,0.2,0,0.2,0.2
0,0.2,0,0,0,0.2
0,0.2,0,0.2,0,0.2
0,0.2,0.2,0,0.2,0.2
0.2,0.2,0,0,0.2,0
0,0.2,0,0,0.2,0
0.2,0.2,0.2,0,0.2,0
0.2,0,0,0,0,0
0.2,0,0,0.2,0,0
0,0.2,0,0.2,0.2,0
0.2,0.2,0.2,0.2,0.2,0
0.2,0.2,0,0.2,0,0
0,0,0.2,0.2,0.2,0
0,0.2,0.2,0.2,0.2,0
0,0,0.2,0.2,0.2,0
0.2,0,0.2,0.2,0.2,0
0.2,0,0.2,0.2,0,0
0.2,0,0,0.2,0.2,0
0.2,0,0,0,0.2,0
0.2,0,0,0,0.2,0
0.2,0,0,0,0.2,0.2
0.2,0.2,0.2,0,0.2,0
0.2,0,0,0.2,0.2,0
0.2,0,0,0.2,0.2,0
0.40000001,0.2,0,0.40000001,0.2,0
0.60000002,0.40000001,0.2,0.40000001,0.2,0.2
0.60000002,0.40000001,0.40000001,0.2,0.2,0.2
0.80000001,0.40000001,0.40000001,0.40000001,0.40000001,0.40000001
1,0.60000002,0.60000002,0.40000001,0.2,0.60000002
1.4,0.80000001,0.80000001,0.40000001,0.2,0.40000001
1.6,0.80000001,0.80000001,0.60000002,0.40000001,0.40000001
2,1,1,0.80000001,0.60000002,0.60000002
2.4000001,1.6,1.2,1,1,0.80000001
3,1.8,1.6,1.2,1.2,1.2
3.4000001,2.2,2,1.6,1.4,1.4
4,2.5999999,2.4000001,2,1.8,1.6
4.8000002,3,2.8,2.2,2,1.8
5.5999999,3.4000001,3.4000001,2.8,2.4000001,2.4000001
6.5999999,4,4,3.4000001,2.8,2.8
7.5999999,4.8000002,4.8000002,4,3.5999999,3.4000001
8.6000004,5.5999999,5.5999999,4.8000002,4.1999998,4
9.8000002,6.5999999,6.5999999,5.5999999,4.8000002,4.8000002
11.2,7.5999999,7.4000001,6.8000002,5.8000002,5.5999999
12.4,8.8000002,8.3999996,8.3999996,7.1999998,6.4000001
13.8,9.8000002,9.8000002,10,8.3999996,7.5999999
15.4,11.2,11.2,11.4,9.3999996,8.8000002
17,12.8,12.6,13,10.8,10.2
18.799999,14.2,14.2,14.8,12,11.6
20.6,15.6,15.8,16.4,13.4,13.2
22.4,17,17.6,18,15,15
24,18.799999,19.4,19.799999,17.4,17.799999
25.799999,20.4,21.799999,21.799999,19.200001,19.4
27.4,22.200001,23.4,23.6,22,21.200001
29.200001,24,25.200001,25.4,24.799999,23.200001
30.799999,25.799999,27.4,27.200001,27,25.4
32.200001,27.6,29.200001,29,29.6,27.4
33.799999,29.200001,30.799999,30.799999,31.200001,29.4
35.599998,31,32.400002,32.599998,32.799999,31.6
37.400002,32.599998,34.200001,34.400002,34.799999,33.599998
39.400002,34.400002,36,36.799999,36.599998,35.200001
40.799999,36,37.400002,38,38,36.799999
42.200001,37.599998,38.799999,39.200001,39.400002,38.400002
43.400002,38.799999,41,40.599998,41.599998,40
44.400002,40,42.799999,42.799999,43,41.200001
46.200001,41.599998,43.799999,43.799999,44,42.599998
47,43,45,45,44.799999,44
48,44.799999,46.400002,46.200001,45.799999,45.200001
49.200001,46,47.599998,47.400002,46.799999,46.200001
50.200001,46.799999,48.599998,48.400002,47.799999,47.200001
51.200001,48,49.799999,49.400002,48.799999,48
51.799999,49.400002,51.400002,50.200001,49.599998,48.799999
52.799999,50.200001,52.200001,51.200001,50.400002,49.799999
53.599998,51.200001,53,52.200001,51.200001,50.599998
54.400002,52.599998,53.799999,53,52,51.799999
55.200001,53.599998,55,53.799999,52.799999,52.200001
56,54.400002,55.799999,54.599998,53.599998,52.599998
56.799999,55.400002,56.400002,55.400002,54.200001,53.400002
57.400002,56,57,56.599998,54.799999,54.200001
58,56.599998,57.599998,57.200001,55.599998,54.799999
58.599998,57.400002,58.400002,58.400002,56.400002,55.599998
59.400002,58,59,59.200001,56.799999,56.200001
59.799999,59,59.799999,59.799999,57.599998,56.799999
60.400002,59.599998,60.599998,60.599998,58.400002,57.400002
61,60,61.200001,61,59,58
62,60.599998,61.599998,61.799999,59.799999,58.599998
62.400002,61.200001,62.400002,62.400002,60.400002,59.200001
63,61.799999,62.799999,63,61,59.799999
63.599998,62.400002,63.400002,63.599998,61.599998,60.200001
64,63,64.400002,64,62.200001,60.799999
64.400002,63.799999,65,64.599998,63,61.400002
64.800003,64.199997,65.599998,65.400002,63.599998,62.200001
65.400002,64.599998,66.199997,65.800003,64.400002,62.599998
66,65,66.599998,66.199997,65,63.200001
66.400002,65.599998,67.199997,66.599998,65.599998,63.799999
66.800003,66.199997,67.400002,67.199997,66,64.199997
67.599998,66.599998,67.800003,67.800003,66.800003,64.800003
68.199997,66.800003,68,68.199997,67.400002,65.400002
68.599998,67.400002,68.599998,68.599998,67.800003,65.800003
69,67.800003,69,69,68.199997,66.199997
69.400002,68.199997,69.400002,69.199997,68.800003,66.800003
69.800003,68.599998,69.800003,69.599998,69.199997,67.199997
70.199997,69,70,69.800003,69.599998,67.400002
70.599998,69.400002,70.400002,70.199997,69.800003,67.800003
70.800003,69.800003,70.599998,70.599998,70.199997,68.599998
71.199997,70.199997,70.800003,71,70.800003,69
71.599998,70.599998,71.400002,71.199997,71.199997,69.400002
72,70.800003,71.800003,71.400002,71.599998,70
72,71.199997,72.199997,71.599998,71.599998,70.199997
72.400002,71.599998,72.400002,72,72,70.800003
72.800003,72,72.800003,72.400002,72.400002,71.400002
73,72.199997,73.199997,72.599998,72.800003,71.599998
73.400002,72.599998,73.400002,72.599998,72.800003,72
73.599998,72.800003,73.599998,73,73.199997,72.400002
73.800003,73,73.599998,73.400002,73.400002,72.800003
74.199997,73.199997,73.800003,73.400002,73.599998,73
74.599998,73.400002,74,73.800003,73.599998,73.400002
74.599998,73.599998,74.199997,73.800003,74,73.599998
74.800003,73.800003,74.400002,74.199997,74.400002,73.599998
74.800003,73.800003,74.599998,74.199997,74.400002,73.800003
75,74,74.599998,74.400002,74.599998,74
75,74.199997,74.800003,74.599998,74.800003,74.199997
75.199997,74.400002,75.199997,74.800003,75.199997,74.400002
75.199997,74.400002,75.199997,75,75.400002,74.599998
75.400002,74.800003,75.199997,75.199997,75.199997,75
75.599998,75,75.199997,75,75.199997,75
75.599998,75.199997,75.400002,75,75.400002,75
75.800003,75.199997,75.400002,75.199997,75.400002,75.400002
75.800003,75.199997,75.400002,75.599998,75.400002,75.599998
75.800003,75.199997,75.599998,75.599998,75.599998,75.599998
75.800003,75.400002,75.599998,75.400002,75.599998,75.800003
75.800003,75.400002,75.599998,75.400002,75.599998,75.800003
75.800003,75.400002,75.800003,75.400002,75.599998,75.800003
76,75.599998,76,75.400002,75.599998,75.800003
76,75.800003,75.800003,75.599998,75.599998,76
76,75.800003,75.800003,75.599998,75.800003,76.199997
76,75.599998,75.800003,75.800003,75.800003,76
75.800003,75.599998,76,75.599998,75.800003,76
75.800003,75.599998,76,75.800003,76,76.199997
76,75.599998,76,75.800003,76.199997,76.199997
76,75.800003,76,75.800003,76.199997,76.400002
76,75.800003,76,76,76.199997,76.199997
76,75.800003,75.800003,75.800003,76.199997,76.199997
76,75.800003,75.800003,76,76,76.199997
75.800003,75.800003,75.800003,75.800003,76,76.199997
75.800003,75.800003,75.800003,75.800003,76,76.199997
76,76,76,76,75.800003,76.199997
76,76,76,76,76,76.199997
75.800003,75.800003,75.800003,76,76,76.199997
76,75.800003,76,76,76,76.400002
76.199997,76,76.199997,76,76.199997,76.599998
76.199997,76,76.199997,76,76.199997,76.599998
76,75.800003,76.199997,76.400002,76.199997,76.800003
76,75.800003,76,76,76.199997,76.800003
76.199997,75.800003,76,76.199997,76.199997,76.800003
76.199997,75.800003,76,76.400002,76.400002,76.599998
76.199997,75.800003,76.199997,76.400002,76.400002,77
76.199997,75.800003,76.400002,76.400002,76.400002,77.599998
76,76,76.400002,76.400002,76.400002,77.800003
76,76,76.199997,76.400002,76.400002,78
76.199997,75.800003,76.199997,76.599998,76.800003,78.400002
76.199997,76,76.599998,76.800003,77,79
76.199997,76.199997,76.599998,76.800003,77.400002,79.199997
76,76.199997,76.599998,76.800003,77.599998,80.199997
76,76,76.800003,77,77.800003,81
76.199997,76,77,77.400002,78.199997,81.599998
76.400002,76.199997,76.800003,77.800003,78.599998,83
76.400002,76,77,78.199997,79,84.199997
76.400002,76,77.400002,78.400002,79.199997,85.400002
76.400002,76,77.400002,78.599998,79.599998,87.199997
76.599998,76,77.599998,79,80.199997,89
76.599998,76.199997,78.199997,79.599998,80.800003,90.400002
76.599998,76.400002,78.400002,80,81.599998,92.599998
76.599998,76.599998,78.599998,80.599998,82.199997,95.199997
76.599998,76.400002,79.199997,81.400002,82.800003,97.400002
76.599998,76.599998,79.800003,82,83.800003,99.800003
76.800003,76.599998,80,82.800003,85,101.6
77,76.599998,80.800003,83.800003,86.400002,103.2
77.199997,76.800003,81.400002,84.800003,88,106
77.199997,77,82,85.800003,89.199997,107.6
77.400002,77.199997,82.800003,86.800003,90.599998,110.2
77.800003,77.199997,83.800003,88,92.800003,112.4
78.199997,77.400002,84.599998,89.400002,94,113.8
78.400002,77.599998,85.400002,90.800003,95.400002,115.4
78.400002,77.800003,86.599998,92,97.199997,118.2
78.599998,78.199997,87.599998,93.400002,99,119.8
79,78.400002,88.800003,94.800003,100.6,121.8
79.400002,78.800003,90.199997,96.199997,102.2,123.4
80,79,91.400002,98,104,125.4
80.800003,79.400002,92.599998,99.599998,105.6,127
81.400002,80,94.599998,101.4,107.2,128.2
82,80.800003,96.599998,102.8,108.8,130
82.599998,81.400002,98,104.2,110.6,131.60001
83.400002,81.800003,99.800003,105.8,112.4,132.8
84.199997,82.400002,102.4,107.6,114,133.60001
85.199997,83.400002,104.2,109.2,115.4,134.39999
86.199997,84.400002,106.6,110.8,117,136
87.400002,85.400002,108.4,112.4,118.4,136.8
89,86.199997,110,114.2,119.8,137
89.800003,87.199997,111.8,116.4,121.2,138
90.800003,88.400002,113.4,118.2,122.8,138.8
92,89.400002,115,119.4,124.2,139.2
93.400002,90.599998,116.6,120.8,125.4,139.8
94.800003,91.800003,117.8,122.4,126.6,140.39999
96.400002,93,119.2,123.8,127.8,140.8
97.800003,94.599998,120.4,125.2,129.39999,141.2
99.199997,96,121.8,126.2,130.2,141.39999
100.6,97.400002,123,127.4,131.2,141.60001
102.2,98.800003,124.2,129,132.39999,142.2
105,100.4,125.4,130.2,133.2,142.60001
105.8,102,126.2,131.2,134,142.8
107.2,103.6,127.2,132.2,134.8,143
109.2,105.8,128.60001,133,135.60001,143.39999
111.2,107,129.60001,134,136.2,143.60001
112.6,108.4,130.39999,135,137,143.60001
114,110.2,131.2,135.60001,137.8,143.8
115.2,112.6,132.39999,137,138.39999,144.2
116.8,114,133.2,137.39999,139,144.2
118,115.2,133.8,138.60001,139.60001,144.39999
119.2,116.8,134.60001,139.39999,140.2,144.60001
120.4,118,135,139.60001,140.60001,145
121.4,119.2,135.39999,140,140.8,145.2
122.8,120.8,135.8,140.39999,141.2,145.39999
123.8,122.2,136.2,140.39999,141.60001,145.39999
125,123.4,136.60001,140.60001,142,145.2
125.8,124.2,137.2,141,142,145.2
126.6,125.4,137.39999,141.2,142.2,145.39999
127.6,126.6,137.8,141.39999,142.39999,145.8
128.60001,127.4,138.2,141.39999,142.60001,145.8
129.39999,128.2,138.2,141.60001,142.60001,145.8
129.8,129,138.60001,141.8,143,146.2
130.39999,129.8,138.8,141.8,143,146.39999
131.2,130.8,139,141.8,143,146.2
131.8,131.39999,139,141.8,143.39999,146.60001
132.39999,131.8,139.2,142,143.39999,146.8
133,132.39999,139.39999,142,143.60001,146.60001
133.39999,133.2,139.60001,142.2,143.8,146.60001
133.60001,133.8,139.8,142.60001,144,146.8
133.8,134.39999,140.2,142.8,144,146.8
134.39999,134.8,140.39999,143,144,147.2
134.8,135,140.8,143,144.39999,147.39999
135.2,135.2,141,143,144.60001,147.2
135.60001,135.8,141,143.2,144.39999,147
136,136.39999,141,143.39999,144.2,147.60001
136.2,136.8,141.2,143.60001,144.60001,147.60001
136.60001,137,141.2,143.8,144.8,147.39999
136.8,137.2,141.39999,144,145,147.39999
137,137.39999,141.8,144,145.2,147.8
137.39999,137.8,142,144.2,145,147.8
137.60001,138,142.39999,144.2,145,147.60001
137.8,138,142.60001,144.60001,145,147.60001
138,138.39999,143,144.39999,144.8,147.8
138.60001,139,143.39999,144.8,145,147.8
139,139.2,143.60001,145,145.39999,148
139.39999,139.39999,143.8,145.2,145.60001,148.39999
139.39999,139.60001,144.2,145.60001,145.60001,148.39999
139.60001,139.60001,144.2,145.60001,145.8,148.39999
140,140,144.2,145.60001,145.8,148.2
140.2,140.2,144.39999,145.8,146,148.39999
140.8,140.39999,144.60001,146,146.2,149.2
141,140.60001,145,146,146.2,149.60001
141,141,145.39999,146.2,146,149.60001
141.39999,141.2,145.8,146.39999,146.2,149.60001
141.8,141.60001,145.8,146.39999,146.39999,149.8
142,142.2,146,146.60001,146.39999,150.2
142.39999,142.60001,146.2,146.60001,146.8,150.60001
142.8,142.60001,146.2,147,146.8,150.8
143.2,142.8,146.2,147.2,146.8,151.39999
143.2,143,147,147.2,147,152
143.2,143.2,147,147.60001,147,152.39999
143.60001,143.60001,147.2,147.60001,147.2,153.39999
144.2,143.60001,147.39999,147.60001,147.2,154.60001
144.60001,143.60001,147.60001,147.60001,147.39999,155.60001
144.8,144,147.8,147.60001,147.60001,156.60001
145,144.60001,147.8,148,147.60001,157.60001
145.2,145,147.8,148,147.60001,158.8
145.39999,145.2,148,148,147.60001,160.39999
145.60001,145.2,148,148,147.60001,161.8
145.8,145.2,147.8,148.2,147.8,164
146,145.2,147.8,148.39999,147.8,165
146.39999,145.39999,148.39999,148.60001,148,166.39999
146.8,146,148.8,148.39999,148,168.39999
147,146.2,148.60001,148.60001,148,170.2
146.8,146.39999,148.60001,148.8,148,171.8
146.8,146.60001,148.39999,148.8,148.39999,173.39999
146.8,146.8,148.2,148.8,148.39999,176.60001
146.8,147,148.39999,148.8,148.39999,178
147.2,147.2,148.60001,148.8,148.60001,179.39999
147.60001,147.2,148.8,149,148.60001,180.8
147.8,147.2,148.8,149.2,148.60001,182.60001
147.8,147.39999,148.8,149.2,148.8,184.2
147.8,147.8,148.8,149.39999,148.8,186
147.8,148,148.8,149.60001,149.2,188.60001
147.8,148.2,148.8,149.60001,149.39999,190.60001
147.8,148.2,149,149.60001,149.39999,193
147.8,148.2,149.39999,149.60001,149.60001,194.39999
148.2,148.2,149.2,149.60001,149.8,195.8
148.2,148,149.2,149.8,149.8,197.2
148.60001,148.2,149.2,149.8,150.2,199
148.39999,148.2,149.2,149.8,150.39999,200.39999
148.39999,148.2,149.2,150,150.8,201.39999
148.39999,148.39999,149.2,150.2,151.2,203
148.39999,148.60001,149.2,150.60001,151.60001,204.39999
148.39999,148.60001,149.39999,150.8,152.2,205.8
148.60001,148.39999,149.60001,151.2,152.8,206.60001
148.60001,148.60001,149.60001,151.60001,153.39999,208
148.60001,148.60001,149.60001,152,154.2,209
148.60001,148.8,149.60001,152.39999,155,209.8
148.60001,149,149.8,153.2,156.60001,210.60001
148.60001,149,149.8,153.8,157.8,211.39999
148.8,148.8,149.8,154.2,158.8,211.8
148.8,148.39999,150,154.8,160.8,212
148.8,148.39999,150.2,155.60001,162.2,212.8
148.8,148.8,150.39999,156.39999,164,213.2
148.8,148.8,150.39999,157.60001,166.2,213.8
148.8,148.60001,150.60001,158.60001,167.60001,214.39999
148.8,148.60001,151,159.8,169.2,214.60001
148.60001,148.8,151.39999,160.8,171,214.8
148.60001,149,151.8,161.60001,173,215.60001
148.8,149,152.39999,163.2,174.39999,216
148.8,149,153,164.60001,175.8,215.8
148.8,149,153.60001,165.8,178.60001,215.8
149,149,154.39999,167.2,180,216.2
149,149.2,155.2,169.39999,181.60001,216.39999
149.2,149.2,155.8,171,183.39999,216.60001
149.39999,149.2,156.8,172.60001,185,216.60001
149.39999,149.39999,157.60001,174,187.39999,216.39999
149,149.39999,158.2,175.39999,189.39999,216.39999
149,149.2,159,177,191.2,216.60001
149.39999,149.2,160.2,178.8,193.2,216.8
149.39999,149.39999,161.60001,180.39999,195.2,217
149.39999,149.60001,162.60001,182,197.2,217
149.60001,149.39999,163.60001,183.60001,198.8,217
149.8,149.39999,165.2,185.2,199.8,217
149.60001,149.60001,167,186.8,201,216.8
149.39999,150,168,188.39999,202.2,217
149.8,150.2,169.60001,189.8,203.2,217.2
150,150.39999,171.39999,191,204,217
150.2,150.8,173.60001,192.2,205.2,217.2
150.39999,151.2,175.39999,193.39999,206.2,217.60001
150.2,151.39999,176.8,194.8,206.8,217.60001
150.39999,151.8,178.39999,196,207.8,217.2
150.8,152,180.2,197.2,208.60001,217
151.2,152.39999,181.8,198.39999,209.2,217.2
151.39999,153,183.39999,199.39999,210.39999,217
151.8,153.60001,184.60001,200.60001,211.2,217
152.2,154,186.2,201.8,211.60001,217.39999
152.60001,155,187.60001,202.8,212,217
153,156,189,203.60001,212.60001,217
153.60001,156.8,189.60001,204.39999,213.2,217
154.2,157.8,190.2,205,213.2,217.2
155,158.8,191.60001,205.60001,213.39999,217.60001
155.60001,159.8,193.2,206.60001,214.2,217.39999
156.2,161.2,194.39999,207.39999,214.39999,217.60001
157,162.60001,195.60001,208,214.8,217.8
158,163.60001,196.8,208.8,215.2,217.60001
159.2,165,197.8,209.39999,215.60001,217.60001
160,166.8,198.60001,210.2,216,217.8
161,168.60001,199.8,211,216,218.2
162.2,170.2,201,211.60001,216,218
163.39999,171.39999,202,212,215.8,217.8
164.8,172.39999,202.60001,212.39999,216,218
165.8,173.8,203.39999,212.60001,216.2,217.8
167.2,175.60001,204.60001,212.8,216.39999,218
168.60001,177.39999,205.39999,213,216.8,218.2
170.39999,179,206.39999,213.39999,216.60001,218.39999
172.8,180.60001,207,214.2,216.60001,218.2
174.2,183.2,207.60001,214.39999,216.60001,218.39999
175.60001,184.39999,208.39999,214.8,216.60001,218.60001
177.2,185.39999,209,215,216.60001,218.60001
178.8,186.8,209.60001,215,216.60001,218.8
180.39999,188.39999,210.39999,215,216.60001,219
182,189.8,211,215.2,216.60001,219
184.39999,191.2,211.60001,215.39999,217,218.8
185.60001,193,212.2,215.8,216.60001,219.2
186.60001,194.2,212.8,216,216.8,219.60001
188,195.2,213.2,216.2,216.8,219.60001
189.8,196.60001,213.39999,215.8,216.8,219.60001
191.39999,197.60001,214,215.60001,216.8,219.8
192.8,198.8,214.60001,215.60001,217,219.8
195,200,214.8,215.8,217.2,220.2
196,200.60001,214.60001,216,217.2,221
197.2,201.39999,214.39999,216.39999,217,221.39999
198.8,202.60001,215,216.60001,217.2,221.2
199.8,203.8,215.39999,216.39999,217.39999,221.8
200.8,205,215.60001,216.2,217.60001,222.60001
202,205.60001,215.8,216,217.60001,223
203,206.2,216.2,216.39999,217.60001,223.39999
204,207,216.39999,216.39999,217.60001,224.39999
204.8,207.8,215.8,216.2,217.8,225.8
205.60001,208.39999,216,216.2,217.60001,226.8
206.60001,209.60001,216.39999,216.39999,217.60001,227.60001
207.60001,210.2,216.2,216.39999,217.8,229
208,211,216,216.39999,217.8,231.2
208.2,211.60001,216,216.60001,217.39999,232.2
209.2,211.8,216.2,216.60001,217.60001,233.8
210.2,211.8,216.60001,216.60001,217.8,235.8
210.8,212.39999,216.60001,216.39999,218.2,237.8
211.39999,213,216.39999,216.60001,218.2,239.2
211.8,213.39999,216.39999,216.60001,218,240.8
212.39999,213.8,216.39999,216.8,217.8,243
213,214.2,216.60001,217,217.8,245
213.2,214.39999,216.60001,217.2,218.39999,246.60001
213.2,214.39999,216.8,217.2,218.39999,247.8
213.60001,214.39999,217,217.2,218.60001,250.2
214,215,217,217.39999,218.8,253
214.39999,215.39999,217.2,217.60001,218.39999,254
214.60001,215.60001,217.39999,217.60001,218.2,255.2
214.8,215.8,217.39999,217.8,218.60001,258
215,215.8,217.39999,218,219,259.39999
215.39999,216,217.2,218,219.39999,260.39999
215.8,216.39999,217,217.60001,219.39999,262
215.60001,216,217.2,217.60001,219,263.60001
215.60001,215.8,217.2,217.8,219,265.20001
215.60001,215.8,217.2,217.8,219.39999,266.60001
215.8,215.8,217.39999,217.60001,220,267.79999
216,215.8,217.2,217.39999,220.2,269.20001
216.2,216,217,217.8,220.60001,270
216.2,216.2,217.2,218.2,221.60001,270.79999
216,216.2,217.2,218,221.8,272
216.39999,216.2,217,218.2,222,273
216,216.39999,217,218.60001,222.60001,273.39999
216.39999,216.60001,216.8,218.39999,223,274.39999
216.39999,216.2,217,217.8,223.60001,275.39999
216,216.39999,217.2,218,224.39999,275.79999
216,216.60001,217.39999,218.39999,226,276.60001
216,216.60001,217.39999,218.39999,226.8,277.39999
216,216.60001,217.39999,218.39999,227.8,277.79999
216,216.39999,217.39999,218.60001,229.2,278.39999
216,216.60001,217.60001,218,230.39999,279.20001
215.8,217,217.60001,218,231.2,280
216,217.2,217.60001,218.60001,232.39999,280.20001
216,216.60001,217.8,218.8,234.8,280.60001
216.2,216.2,218,218.60001,236.2,281.39999
216.39999,216.39999,218,218.8,237.60001,282
216.2,216.60001,217.8,218.8,238.8,282.39999
215.8,216.60001,218,219,240.39999,282.79999
215.8,216.39999,218.2,219,242,282.60001
215.8,216.39999,218,219,243.39999,282.39999
216,216.60001,217.8,219,244.8,282.79999
215.8,216.60001,217.8,219.2,247.39999,283.20001
215.8,216.8,217.8,219.39999,249.39999,283.39999
215.8,217,218.2,219.39999,251.8,284
216.2,217.2,218.39999,219.60001,253.39999,284
216.39999,217.2,218.39999,219.39999,254.60001,284
216.2,217.2,218,219.39999,255.8,284
216.39999,217.2,218.2,219.39999,257.79999,284.39999
216.60001,217.2,218.39999,219.60001,259.39999,284.60001
216.8,217.2,218.39999,220.2,261,284.60001
216.60001,217,218.60001,220.39999,262.79999,284.60001
216.60001,217.2,218.39999,220.60001,265.60001,284.79999
216.60001,217.2,218.39999,221.60001,266.20001,285.20001
216.8,217.39999,218.2,222.2,267.39999,285.20001
216.8,217.2,218,222.60001,269,285.60001
216.8,217.2,218.60001,223,270,285.60001
217,217,219,223.2,270.79999,285.39999
217,217,218.8,223.60001,272.39999,285.39999
216.8,217.60001,218.60001,224.60001,273.60001,285.39999
217,217.8,218.60001,225.60001,274.79999,285.20001
217.2,217.39999,219,226,275.79999,285.20001
217,217.60001,219.2,227.2,276.60001,285.20001
217.2,218,219,228.60001,277.20001,285.20001
217.39999,218.2,219,229.60001,277.79999,285.60001
218,218.2,218.8,231,278.39999,286.20001
217.60001,218.2,219,232.2,279,285.79999
218,218.39999,219.39999,233.60001,279.39999,285.60001
217.8,218.39999,219.8,234.8,279.79999,285.79999
217.39999,218.2,219.8,236,280.60001,285.79999
217.60001,217.8,220,238,281,285.79999
218,217.8,220.2,240.60001,281.20001,286
218.2,218.2,220.39999,242.60001,281.60001,286.20001
218,218,220.39999,244,282.39999,286
218.2,218,220.39999,245.60001,282.79999,286
218.60001,218.2,221,248.39999,283.20001,285.60001
218.39999,218.2,221.60001,250,283.60001,286
218.2,218.2,222,251,284,286.20001
218.60001,218.60001,222.2,252.2,284,285.39999
218.60001,218.60001,222.60001,253.8,283.79999,285.60001
218.39999,218.60001,223.2,256.20001,284,286
218.39999,218.60001,223.60001,258.20001,284.39999,286.20001
218.60001,218.8,224,259.79999,284.60001,286
219,218.8,224.60001,261,285,286
219,218.8,225.60001,262.39999,284.79999,286
219,219.2,226.60001,263.79999,284.79999,285.79999
218.8,219.2,227.60001,265,285,285.60001
219.2,219.2,228.60001,265.79999,284.79999,285.39999
219.60001,219,229.2,267.60001,285.20001,285.39999
219.39999,219.2,230,268.79999,285.39999,285.79999
219.39999,219,231.2,269.79999,285.39999,286.39999
219.60001,219,232.39999,270.79999,285.20001,286
219.39999,219.39999,233.60001,272,285,286.60001
219.2,220,234.8,273,285,287.39999
219.39999,220,236.2,274,285.20001,287.39999
219.60001,220,237.2,274.60001,285,287.20001
220,220.2,238.60001,275.39999,285.20001,287.79999
220.2,220.60001,240.2,276,285.20001,288.39999
220,220.8,241.60001,277,284.79999,288.79999
219.8,221,243,277.39999,285,289.39999
220,221,244.39999,277.79999,285,290.39999
220.2,221.39999,246,278.79999,285.20001,291
220.2,221.8,247.8,279.60001,285.20001,291.39999
220.39999,222.2,249.60001,279.79999,285.20001,292.39999
220.8,222.60001,250.8,280.39999,285.39999,293.79999
221,223,252.2,281.20001,285.79999,295.20001
221.39999,223.8,254,281.79999,286,296.39999
222,224.60001,255.60001,282.20001,285.60001,297.79999
222.2,225.2,257,282.20001,285.60001,299
222.60001,225.8,258.20001,282.39999,285.79999,300.20001
223,226.39999,259.39999,282.60001,286.20001,301.39999
223.2,227,261,282.60001,286,304
223.39999,227.8,262.39999,282.79999,285.79999,306
223.8,228.60001,263.60001,283,285.79999,308.39999
224.8,229.8,264.60001,283,285.60001,311
225.60001,230.8,265.60001,283.20001,285.39999,312.79999
226.39999,232,267.20001,283.39999,285.39999,314
227.39999,233.2,268,283.60001,285.79999,315.39999
228.39999,234.2,269.79999,283.79999,285.79999,316.20001
229.2,235.60001,270.60001,284,285.79999,317.39999
230,237,271.20001,284.39999,286,319.39999
231,238,272.20001,284.60001,285.79999,321.20001
232.2,239,273.39999,284.60001,286.20001,322.60001
233.2,240.39999,274.39999,284,286,324.20001
235.2,242.2,275,284.60001,286,325.39999
236,243.8,275.60001,284.60001,286,327.20001
237.2,245.2,276.60001,285,285.60001,328.60001
240,246.8,277.39999,285,285.60001,329.60001
241.2,248.39999,277.60001,284.60001,285.79999,331
242.8,249.39999,277.79999,284.79999,286.20001,332.20001
244.60001,250.8,278.20001,284.79999,286.60001,333.60001
246,252.60001,279,285,286.60001,335
247.39999,254,279.79999,285.20001,286.60001,335.79999
248.60001,255.2,280.20001,285.39999,286.39999,336.60001
249.39999,256.39999,280.60001,285.60001,286.60001,337.20001
250.39999,257.79999,281,285.60001,286.79999,338
251.8,259.39999,281.60001,285.79999,287.20001,339.39999
253.60001,260.60001,282.20001,285.79999,287.39999,340.39999
255.60001,262,282.20001,285.60001,287.60001,340.79999
256.79999,263.39999,282.39999,285.39999,287.79999,340.79999
257.60001,264.60001,282.79999,285.79999,288.60001,340.79999
259.60001,266,283,286.20001,289.20001,341.20001
261.79999,267.39999,283,286.39999,290,341.79999
262.79999,268.20001,283.39999,286,291,342.39999
263.79999,269.20001,284,286,291.60001,343
265.39999,270,284.39999,286,292,343.20001
266.79999,271,284.39999,285.39999,293,343.60001
268,271.79999,284.20001,286,294.39999,344
268.79999,272.39999,284,286,295.20001,344
269.60001,273.20001,284.20001,286.20001,297.20001,343.60001
270.60001,274.20001,284.39999,285.79999,298.79999,343.79999
271.60001,275,284.79999,286.39999,300.20001,344.60001
272.20001,275.60001,285,286.20001,301.60001,345
273,276.39999,285,286,303,346
273.79999,277.39999,285.39999,286.20001,304.20001,346.39999
275,278,285.20001,286.79999,305.20001,346
275.20001,278,285.20001,286.60001,307.39999,346.39999
276,278.39999,285.20001,286.20001,308.79999,347.20001
277,278.79999,285.20001,286,310,347.20001
277.39999,279.39999,285.39999,286.20001,311.60001,346.79999
278,279.79999,285.60001,286.39999,313.20001,346.79999
278.79999,280.20001,285.39999,286.39999,315.79999,346.79999
279.20001,280.79999,285.39999,286.60001,317.39999,347
279.60001,281.20001,285.20001,286.79999,318.60001,347.39999
280.20001,281.79999,285,286.39999,320.79999,347.60001
280.39999,282.39999,285.20001,287,322.39999,347.79999
280.79999,282.39999,285.60001,287.20001,324.79999,348
281.39999,282.39999,285.60001,287,326.39999,347.79999
281.39999,282.79999,286.20001,286.60001,327.79999,348
281.60001,282.79999,286.20001,287,329.60001,348.39999
282.20001,283,286,287.39999,330.39999,348.39999
282.20001,283.39999,286,287.60001,331.39999,348.60001
282.39999,283.60001,286,287.79999,332.39999,348.79999
282.79999,284,285.60001,287.39999,333.79999,348.79999
282.79999,284.20001,285.79999,287.39999,335,349.20001
283,284.20001,286,288,335.60001,349.39999
283.20001,284.20001,286,288.20001,336.20001,349
283.39999,284.39999,285.79999,288.39999,337,348.60001
283.39999,284.20001,286,289.60001,337.60001,348.79999
283.20001,284.20001,286,290,338.60001,349.20001
283,284.60001,286.20001,290,339.60001,349
283.39999,285,286,290.39999,340.20001,348.60001
283.79999,285,286,290.79999,340.79999,348.60001
284.39999,285,286.20001,291.20001,341.39999,349.20001
284.79999,284.79999,286.39999,291.60001,342.39999,349.39999
284.60001,284.39999,286.20001,293.20001,343,349.39999
284.39999,284.60001,286.20001,294.20001,343.20001,349.39999
284.79999,284.79999,286.39999,295.60001,343.79999,349.79999
284.79999,285.20001,286.79999,296.60001,344.60001,349.60001
284.39999,285.20001,286.60001,297.60001,345.20001,349.79999
284.39999,285.39999,286.39999,298.60001,345.60001,350
284.60001,285.39999,286.39999,300,345.60001,350
284.79999,285,286.39999,301,345.20001,350
285,285,286.60001,302.39999,345.39999,349.79999
284.79999,285,286.39999,303.79999,346,349.60001
284.79999,285.39999,286.20001,305.79999,346.39999,349.39999
284.60001,285.60001,286,308,346.39999,349.79999
284.39999,285.20001,286.20001,310,347,350.39999
284.60001,285.20001,286.39999,311.79999,347,350.39999
284.79999,285.39999,286.60001,313.79999,347.20001,350.39999
285.20001,285.39999,286.60001,316,348,350.60001
285,285.60001,286.20001,318,347.79999,351.39999
284.79999,285.79999,286.39999,319.20001,347.60001,351.20001
284.60001,286,286.60001,320.20001,348.39999,351.60001
285,286,287,321.79999,348.79999,352.20001
285.20001,286.20001,286.60001,324.60001,349,352.39999
285,286.20001,286.60001,326,348.60001,353.60001
284.79999,285.79999,287,326.60001,348.20001,354.79999
284.60001,285.60001,287.39999,327.39999,348.39999,354.79999
285,285.60001,287.20001,329.20001,349,355.60001
285.20001,285.60001,287.20001,330.39999,348.79999,357
285.60001,285.60001,287.20001,331.60001,348.60001,357.79999
285.39999,286,287.39999,333.20001,349,359.60001
285,286,288.20001,334.39999,349.20001,361
285.20001,285.60001,288.60001,335.39999,348.79999,362
285.20001,285.60001,288.39999,336,348.39999,363.79999
285,285.60001,288.79999,337,348.39999,366
285.39999,285.79999,289.60001,337.60001,348.60001,367.39999
285.79999,286,290.39999,338.79999,348.79999,368.39999
285.60001,286.20001,290.79999,339.79999,349.20001,371
285.39999,285.60001,291.39999,340.60001,349.60001,373.20001
285.79999,285.79999,292.39999,341.39999,350,374.60001
285.79999,285.39999,294,341.79999,350.20001,376.39999
285,285.20001,295,342,350,378.60001
285,285.20001,295.39999,342.60001,350.20001,380.60001
285,285.60001,296.20001,343.20001,349.79999,382
285,285.79999,297.39999,343.39999,349.39999,384.60001
285.20001,286.20001,298.79999,344,349.60001,386
285.20001,286.39999,300.79999,344,349.79999,386.79999
285.39999,286,301.39999,344.60001,349.60001,388.20001
285.60001,285.79999,302.20001,345.39999,349.79999,390.39999
285.39999,285.60001,304.60001,346.20001,349.60001,391.20001
285.39999,285.20001,306.39999,346.20001,349.39999,392.39999
285.20001,285.79999,308,345.79999,349.79999,394.39999
285,286.20001,309.39999,345.79999,350,396.39999
285,286.20001,311.20001,346.39999,350.20001,396.79999
285,286.39999,312.39999,346.60001,350,398.60001
285.20001,286.20001,314,347,350.20001,399.39999
285.20001,286,315.79999,347.20001,350.39999,400.20001
285.20001,286.39999,317.39999,348,350.20001,400.79999
285.60001,286.39999,318.60001,348,350,402
285.79999,286.39999,319.79999,348.20001,350,403
285.79999,286.60001,321.20001,348,350.20001,403.20001
285.79999,287,322.60001,348.20001,350.39999,403.79999
285.79999,287.39999,324,348.60001,350.79999,404.79999
285.79999,287,325.20001,348.79999,351.60001,405.20001
285.79999,286.79999,326.60001,348.39999,351.60001,406.20001
285.60001,287.20001,327.79999,349,351.79999,406.60001
285.39999,287.20001,330.20001,348.79999,352,406.39999
285.60001,287.20001,331.39999,348.79999,352.39999,406.60001
285.79999,287.39999,332.60001,348.79999,353.39999,407
285.60001,287.39999,334.20001,349.79999,354,407.60001
285.60001,287.39999,334.79999,349.60001,354.39999,408
286,288,335.60001,349.20001,355.20001,409.20001
286.20001,288.39999,336.60001,349.20001,356.39999,409.20001
286,288.60001,337,349.39999,357.60001,409
286.20001,289,337.60001,348.79999,359,408.39999
287,289.20001,338.39999,348.20001,361,408.39999
286.79999,289.79999,340,348.39999,362,408.60001
286.60001,290.79999,341.20001,348.39999,364.39999,409.20001
286.79999,291.79999,341.79999,349.60001,366.39999,409.79999
286.79999,292.39999,342.20001,349.79999,367.79999,409.79999
287,293,342.39999,349.60001,370.20001,409.39999
287,293.39999,343.20001,349.20001,371.79999,409
287.79999,294.20001,344,349,373.60001,409.79999
287.60001,295.39999,344,349,375.79999,410.20001
287.60001,296,344.39999,349,377.20001,410
288.20001,296.79999,344.79999,349,378.20001,410.79999
288.79999,297.79999,345.20001,349.20001,380,410.60001
288.60001,299.20001,345.79999,349.39999,382,410.79999
288.79999,300,346,349.20001,383.79999,411.20001
289,300.39999,345.79999,349.20001,385.39999,411.20001
289.60001,301,346.20001,349.79999,387.20001,411
290.39999,302.20001,346.20001,350.20001,389.20001,410.79999
291.39999,303.39999,346,350.39999,390.60001,411.20001
292.20001,304.60001,347.20001,350.20001,391.79999,411.60001
293,305.79999,348,350.60001,394.79999,411.60001
293.60001,307,348.20001,350.20001,395.39999,411.20001
295.39999,308.39999,348,350.39999,396.60001,411.79999
295.60001,310,348,351,398.39999,411.60001
296.39999,312.39999,348.39999,351.20001,399,411.60001
298,313.79999,348.60001,351.20001,400.39999,412.39999
299.20001,315,349.20001,351,401.79999,412
300.20001,316.60001,349.60001,350.39999,402.79999,412.20001
301.39999,318.39999,349.39999,350.79999,403.39999,412.39999
302.20001,319.60001,349.20001,350.79999,404.39999,412
303.60001,320.79999,349.20001,351.20001,405.20001,412.39999
305.20001,323.20001,349.60001,351.79999,405.39999,412.39999
306.60001,324.79999,349.60001,351.39999,405.79999,412.39999
307.79999,326,349.39999,351.39999,406,412.79999
308.79999,327.79999,350,351.60001,407.20001,413
310.39999,328.79999,349.79999,352.39999,408.20001,413.20001
312.20001,329.79999,349.60001,353.20001,408.39999,412.60001
313.60001,331.79999,349.60001,353.20001,407.79999,412.39999
315.20001,333,349.20001,353.60001,408.20001,413
316.39999,334.20001,348.79999,354.20001,408.60001,413
317,335.20001,349,354.20001,408.60001,413
318.20001,336.20001,349.39999,354.79999,408.20001,413.39999
320,337,349.79999,356.79999,408.60001,414.79999
321.60001,337.60001,350.20001,357.39999,409.20001,415.60001
323,338.39999,349.79999,357.79999,409.79999,415.60001
324,339.39999,349.60001,358.60001,410.39999,415.39999
325.20001,340.60001,350.39999,360,410.39999,415.79999
326.39999,341.20001,350.39999,361.39999,410,415.79999
327.79999,341.79999,349.60001,361.79999,410,416.20001
329.39999,342.39999,350.79999,363,410.39999,416.79999
330,343.20001,350,363.79999,410.39999,417.39999
331,344.20001,349.60001,365.60001,410.79999,418
332.39999,344.39999,350.39999,367.60001,411,418
333.39999,344.39999,350.60001,369.60001,411.20001,418
334.39999,345,350.39999,371.60001,411.39999,418.39999
335.39999,345.39999,350.60001,373.60001,411.20001,419.79999
336,346,351,375.79999,411,421.39999
336.79999,346.79999,350.39999,377.20001,410.79999,421.79999
337.79999,347,350.39999,378.79999,410.79999,422.39999
338.39999,346.79999,350.60001,380.60001,411.79999,423.39999
339.20001,347,350.60001,382.79999,411.79999,424
340.20001,347,350.60001,384.79999,411.39999,424.60001
340.20001,347.20001,350.20001,386.79999,412,425.79999
340.20001,347,350.79999,389.39999,412,427.79999
340.79999,347.39999,351,390.60001,411.39999,428.60001
341.39999,347.79999,351,391,411.60001,428
341.79999,347.79999,351.60001,392.20001,412.20001,428.60001
342.20001,348.60001,352,393.79999,412.39999,430
342.79999,348.60001,351.60001,395.20001,412.60001,431.20001
343.79999,348.79999,351.39999,396.60001,411.60001,432.39999
344,349.60001,351.60001,397.79999,412.60001,434.20001
344,349,351.39999,399,413.60001,436
344.79999,349,351.79999,400,414,437.60001
345.20001,349.60001,352.39999,401.39999,413.60001,437.60001
345.20001,349.39999,352.39999,402.79999,413.60001,438.20001
345.79999,349.39999,352.20001,403.39999,413,439.39999
346,349.79999,352.39999,403.20001,412.79999,440.39999
346.60001,350,352.79999,403.39999,413,441.60001
347.20001,350,353,404.20001,412.79999,442.60001
347.39999,349.79999,353,405.39999,413.39999,443.20001
347.60001,349.39999,353,405.79999,414,444.20001
348,349.60001,353.20001,406,414,446.39999
348.39999,349.79999,353.39999,406.79999,413.39999,448
348.60001,350,353.79999,407.60001,414,448.20001
347.79999,350,354.60001,408,414.20001,448.79999
348,349.79999,355.39999,408.39999,413.79999,450.79999
348.79999,349.79999,356.20001,408.39999,413.79999,451.39999
348.79999,350,356.39999,408.20001,414,452.60001
349,350.60001,357,408,414.20001,454.20001
348.79999,350.60001,357.39999,408.39999,415,454.79999
348.60001,350.20001,358,409.20001,415.20001,455.79999
349,349.79999,359.39999,409.79999,415.60001,457
349.20001,350.20001,360.39999,410,416.20001,458
349,350.39999,361,409.60001,416.20001,458.60001
349.39999,350.79999,361.60001,410,416.20001,458.79999
350,350.79999,363.60001,411,416.60001,459.60001
350,350.60001,366,410.20001,417,460.39999
349.60001,351,368.20001,410,417.60001,461.39999
350,351,369.60001,410.39999,417.60001,461.60001
350,351,371.39999,410.79999,417.79999,462.60001
349.60001,351,373.20001,411,419.39999,463.20001
349.20001,350.60001,374.20001,410.79999,419.60001,463.60001
349.60001,350.79999,374.79999,411.20001,419.79999,464.39999
350,351,376.20001,411,420.79999,465.79999
350,350.79999,379.60001,411,422,465.39999
349.79999,350.79999,381.20001,411.39999,422.39999,465.20001
350,351.20001,383.60001,411.79999,423,465
350.39999,351.39999,384.60001,412,424.39999,465.39999
350.39999,351.60001,386,412.39999,426.60001,465.79999
350.20001,351.60001,387,412,429.39999,466.20001
350.20001,351.60001,388.39999,411.79999,430.39999,467.20001
350.20001,351.20001,390.20001,412.20001,431.20001,467.60001
350,351.60001,392,412.20001,432.39999,467.20001
349.79999,352,393,411.79999,434.20001,467.39999
350.60001,352,394.60001,412,436.60001,467.20001
350.60001,352.20001,396.20001,412.60001,438.39999,466.79999
350.39999,352,397.39999,412.79999,439.39999,467
351,351.79999,398.79999,412.60001,440.39999,466.60001
351,352.60001,399.20001,412.20001,442,466.20001
351,352.20001,400.20001,412.39999,444.39999,466.79999
351.60001,351.60001,401.39999,413.20001,445.79999,467.39999
351.20001,351.79999,402.20001,413.39999,447.20001,467.20001
350.39999,352.20001,402.60001,413,448.20001,466.60001
350,352.79999,403,413.20001,449.39999,466.60001
350.60001,353.20001,403.79999,413,451.60001,467
351.20001,353,404.20001,412.39999,452.39999,466
350.39999,353,405.20001,414,453.79999,466
350.20001,353,405.60001,414,455,466.39999
350.79999,353.20001,405.79999,413.79999,455.79999,465.60001
351,353.20001,406.20001,413.39999,456,465
351.20001,353.20001,407,413.39999,456.39999,465
351.20001,353.60001,407.60001,413.79999,457.39999,465
351.20001,353.60001,407.79999,413.60001,458.60001,463.79999
351.60001,354.20001,407.39999,413.39999,459.60001,463.60001
351.79999,355,408,413.79999,459.79999,464
351.39999,355.60001,408.20001,413.60001,461,463.79999
351,356.20001,408,413.79999,462.39999,462.60001
351.39999,356.60001,408,414.20001,463,462
352,357.20001,408.39999,414.39999,463.20001,461.39999
352.20001,357.60001,409,414.39999,463.79999,461.60001
351.60001,358.60001,409.20001,415.20001,464.39999,461.39999
351.39999,360.20001,409.39999,415.60001,465,461
351.79999,361.79999,410.20001,415.60001,465.39999,461.60001
351.79999,362.79999,410,415.39999,465.79999,462.39999
351.39999,363.20001,410.20001,416,466.20001,462.60001
351.20001,364.20001,410.79999,416.60001,467,462.60001
351.20001,365.60001,411.20001,417,467.20001,463.20001
351.39999,367,410.79999,417.79999,466.79999,465
351.60001,368,411,418.60001,467.60001,465.39999
351.79999,370,410.39999,419.20001,467.60001,466
351.60001,371.60001,410.60001,420.20001,467.79999,466.39999
351.79999,373.20001,411.39999,420.79999,468.60001,466.79999
352.20001,374.79999,411.60001,421.79999,469.20001,468.60001
352,376,411.79999,423,469.39999,470.39999
352,376.79999,411.79999,425.60001,469.39999,471.39999
352,378,411.39999,427,469.20001,473.60001
352.20001,380,411.60001,427.79999,469,475
352.60001,381.79999,412,429,470.39999,475.79999
352.39999,383.60001,411.60001,430.39999,471.60001,477
352.20001,384.39999,411.39999,433,471.39999,479.20001
352.39999,385.79999,411.79999,434.39999,470.60001,481
352.79999,387,412.60001,435.20001,470.39999,482.79999
352.79999,388.20001,412.60001,438.79999,471,484.20001
352.39999,389.60001,412.79999,442,471.39999,484.79999
352.39999,391.39999,412.60001,444,471.20001,486.20001
353,393.20001,412.79999,445.39999,471,489.39999
353.60001,394.20001,413,446.60001,471.20001,490.20001
353.39999,394.60001,413.20001,448.39999,472.39999,490.60001
353,395.20001,413.79999,450.60001,472.60001,492
353.20001,396.60001,413.60001,451.79999,472.60001,493.20001
353.60001,397.60001,413.39999,453.20001,472.39999,494.39999
353.79999,399,413.60001,454.39999,473.20001,496.20001
354.20001,399.60001,413.20001,455.79999,472.60001,497.39999
354.60001,399.60001,413,457.20001,472.20001,497.79999
355,400.39999,413.39999,458,472.39999,498.79999
355.39999,401.39999,413.60001,458.79999,472.79999,501.20001
356,401.60001,413.39999,460,472.60001,NaN
356.79999,403.20001,413.60001,461,472.60001,NaN
356.60001,404,413.60001,462.20001,472.79999,NaN
356.79999,404,413.60001,463.20001,472.79999,NaN
357.79999,404.39999,413.60001,464.20001,472.79999,NaN
359,405.20001,413.20001,464.60001,473,NaN
360.20001,405.79999,413,465.20001,473.79999,NaN
361,405.79999,413.20001,465.60001,473.60001,NaN
362,406.60001,413.39999,465.79999,473.20001,NaN
363.60001,407.20001,413.79999,467,473.39999,NaN
365.20001,407.39999,414.20001,467.20001,473.79999,NaN
366.39999,407.79999,414,467.79999,474.20001,NaN
368,407.39999,414,469,473.60001,NaN
369.20001,407.60001,414.20001,469.39999,473,NaN
371,408,414.20001,468.79999,473.60001,NaN
372,408,414.20001,470.20001,474.60001,NaN
373.20001,408,414.20001,470.20001,475,NaN
374.60001,408.20001,414.79999,470,474.60001,NaN
376.60001,409,414.79999,471.20001,474.60001,NaN
378.20001,409.39999,414.79999,471.20001,475.39999,NaN
379.20001,409.20001,414.79999,470.60001,476,NaN
380.79999,409,415.39999,471,475.79999,NaN
382.79999,409.39999,415.60001,471.20001,476.60001,NaN
384.39999,410.60001,415.60001,471.39999,477.39999,NaN
386.39999,410.20001,416.39999,471.79999,478,NaN
387.39999,410.39999,417.20001,472,478,NaN
388.79999,411,418.60001,471.79999,478.39999,NaN
390.20001,411.20001,419.39999,471.79999,480.20001,NaN
391.20001,411.20001,419.39999,472.20001,480.20001,NaN
392.39999,411,419.39999,472.79999,480.79999,NaN
393.79999,411.20001,420.39999,473,482.39999,NaN
394.79999,411.20001,422,472.60001,482.79999,NaN
396.20001,411.20001,422.39999,471.79999,483.79999,NaN
397,411.60001,423.39999,471.79999,485.39999,NaN
398,411.79999,424.79999,473,485.79999,NaN
398.79999,411.39999,426.39999,473,487.20001,NaN
400.39999,411.20001,428.39999,472.39999,488.60001,NaN
401.60001,411.60001,429.79999,472.39999,490.39999,NaN
401.79999,412.20001,431.39999,472.79999,491.20001,NaN
402.39999,412.39999,433.20001,472.79999,491.20001,NaN
403.39999,412.39999,435,473,492.60001,NaN
404.20001,412,437.39999,473.20001,493.60001,NaN
404.60001,411.60001,439.20001,473,494.60001,NaN
405.39999,412,440.79999,473.39999,496.60001,NaN
405.39999,412.20001,443.60001,473.39999,498.39999,NaN
405.79999,412.60001,444.60001,474,501,NaN
406.39999,412.60001,446.39999,474.20001,NaN,NaN
406.60001,412.60001,448.60001,473.60001,NaN,NaN
407,412.60001,449.60001,473.39999,NaN,NaN
407.79999,412.60001,451.20001,473.60001,NaN,NaN
407.39999,412.79999,453.60001,473.20001,NaN,NaN
407.39999,413,455.39999,473.60001,NaN,NaN
407.79999,412.39999,456.39999,474,NaN,NaN
408.20001,412.39999,458,474,NaN,NaN
408.60001,413,459.60001,474.39999,NaN,NaN
408.79999,413,461,474.39999,NaN,NaN
408.60001,412.39999,461.60001,473.39999,NaN,NaN
409.39999,412,462,473.79999,NaN,NaN
409.79999,412.39999,463,474.20001,NaN,NaN
409.20001,412.60001,464.79999,473.60001,NaN,NaN
409.20001,413,465.60001,473.60001,NaN,NaN
409.79999,412.39999,465.79999,474.20001,NaN,NaN
410.20001,413.39999,465.79999,474.20001,NaN,NaN
410.79999,414,465.39999,474.79999,NaN,NaN
410.79999,414.39999,466.60001,475.20001,NaN,NaN
411,413.39999,467.39999,475,NaN,NaN
411.20001,413.20001,468,475.39999,NaN,NaN
411.60001,413.39999,468.39999,475.20001,NaN,NaN
411.20001,413.20001,469,474.60001,NaN,NaN
411.39999,413.79999,469.60001,473.79999,NaN,NaN
411.39999,413.60001,470.39999,474.60001,NaN,NaN
411.20001,413.39999,470.20001,475.60001,NaN,NaN
411.79999,413.60001,470.20001,476,NaN,NaN
412,413.79999,470.20001,476.79999,NaN,NaN
411.60001,413.79999,471.39999,477.79999,NaN,NaN
412,413.60001,472,478,NaN,NaN
413.20001,414,471.20001,477.79999,NaN,NaN
413.20001,414.39999,470.39999,478.39999,NaN,NaN
412.60001,414.79999,471.20001,479,NaN,NaN
412.39999,415.60001,471,479.79999,NaN,NaN
413.20001,416.20001,470.79999,480.39999,NaN,NaN
413.60001,416.39999,471.39999,481.39999,NaN,NaN
413.20001,416.39999,472,481.79999,NaN,NaN
412.39999,416.60001,472,482.39999,NaN,NaN
412.39999,416.60001,471.79999,483,NaN,NaN
412.60001,417,471.79999,483.79999,NaN,NaN
412.60001,417.60001,472.79999,485.39999,NaN,NaN
412.79999,418.20001,473.20001,487,NaN,NaN
413,418.79999,473.20001,487.79999,NaN,NaN
413.39999,420.39999,473.20001,488.60001,NaN,NaN
413.39999,421.60001,472.60001,490.60001,NaN,NaN
413,422.39999,472.79999,492,NaN,NaN
412.60001,423,473,493,NaN,NaN
412.79999,423.60001,472.60001,493.39999,NaN,NaN
413.20001,425.20001,472.79999,494.79999,NaN,NaN
412.79999,426,473.20001,497.20001,NaN,NaN
412.60001,427.39999,473,498.39999,NaN,NaN
412.39999,429.39999,472.39999,499.20001,NaN,NaN
412.39999,431.20001,472.20001,500.60001,NaN,NaN
412.60001,432.60001,472.60001,NaN,NaN,NaN
413,433.79999,473.39999,NaN,NaN,NaN
413.60001,435.20001,473.79999,NaN,NaN,NaN
413.79999,437,474,NaN,NaN,NaN
413.20001,439,474.20001,NaN,NaN,NaN
413,440,473.79999,NaN,NaN,NaN
412.60001,441.39999,473.39999,NaN,NaN,NaN
412.60001,443.39999,473.60001,NaN,NaN,NaN
413.20001,444.79999,473.79999,NaN,NaN,NaN
413,446.60001,473.79999,NaN,NaN,NaN
413.60001,448,473.60001,NaN,NaN,NaN
414.20001,449,473.39999,NaN,NaN,NaN
413.60001,451.20001,473.79999,NaN,NaN,NaN
412.39999,452.39999,474,NaN,NaN,NaN
412.79999,453.79999,473.79999,NaN,NaN,NaN
413.39999,455.60001,473.39999,NaN,NaN,NaN
413.79999,456.20001,474.39999,NaN,NaN,NaN
413.39999,457.39999,474.79999,NaN,NaN,NaN
413.20001,458.39999,474.39999,NaN,NaN,NaN
413.39999,459.60001,473.79999,NaN,NaN,NaN
414,461.60001,473.79999,NaN,NaN,NaN
414.79999,462.60001,473.79999,NaN,NaN,NaN
414.39999,464,474.20001,NaN,NaN,NaN
414,465,474.79999,NaN,NaN,NaN
414.39999,465,474.20001,NaN,NaN,NaN
414.79999,465.79999,474,NaN,NaN,NaN
415,466.39999,474.39999,NaN,NaN,NaN
415.60001,466.79999,474.79999,NaN,NaN,NaN
416,467.60001,474.60001,NaN,NaN,NaN
416,468.20001,474.60001,NaN,NaN,NaN
416.20001,468,474.60001,NaN,NaN,NaN
416.39999,467.79999,475,NaN,NaN,NaN
416.79999,468.79999,475.20001,NaN,NaN,NaN
417.79999,469.39999,475.39999,NaN,NaN,NaN
418.79999,469.79999,475.60001,NaN,NaN,NaN
420,470.39999,476.20001,NaN,NaN,NaN
420.79999,470,476.39999,NaN,NaN,NaN
421.79999,470.20001,476.79999,NaN,NaN,NaN
423.20001,470,477.20001,NaN,NaN,NaN
424.60001,470,477.39999,NaN,NaN,NaN
425.79999,470.39999,478.20001,NaN,NaN,NaN
427.60001,471.60001,478.79999,NaN,NaN,NaN
429.20001,472.20001,479.20001,NaN,NaN,NaN
430.60001,471.79999,480.20001,NaN,NaN,NaN
431.60001,471.79999,481.60001,NaN,NaN,NaN
433,472.20001,482.20001,NaN,NaN,NaN
434.60001,472.20001,482.39999,NaN,NaN,NaN
436.79999,472.20001,483.79999,NaN,NaN,NaN
438.39999,472.60001,484.79999,NaN,NaN,NaN
439.60001,472.79999,486.79999,NaN,NaN,NaN
440.79999,473.20001,488.60001,NaN,NaN,NaN
443.20001,473.20001,490,NaN,NaN,NaN
444.79999,473.60001,492.60001,NaN,NaN,NaN
446.39999,473,493.20001,NaN,NaN,NaN
448.39999,472.60001,494.60001,NaN,NaN,NaN
450.60001,473.20001,496,NaN,NaN,NaN
451.39999,473,498,NaN,NaN,NaN
452.60001,473.20001,499.39999,NaN,NaN,NaN
453.60001,474,502.79999,NaN,NaN,NaN
454.60001,474,NaN,NaN,NaN,NaN
456.20001,474,NaN,NaN,NaN,NaN
457.60001,474.20001,NaN,NaN,NaN,NaN
458,473.39999,NaN,NaN,NaN,NaN
458.39999,473.39999,NaN,NaN,NaN,NaN
459.60001,473.60001,NaN,NaN,NaN,NaN
460.79999,473.20001,NaN,NaN,NaN,NaN
462,473.39999,NaN,NaN,NaN,NaN
463,474,NaN,NaN,NaN,NaN
464,474.20001,NaN,NaN,NaN,NaN
465.20001,474.20001,NaN,NaN,NaN,NaN
465.60001,473.39999,NaN,NaN,NaN,NaN
465.79999,473,NaN,NaN,NaN,NaN
466.39999,473.39999,NaN,NaN,NaN,NaN
467.20001,473.79999,NaN,NaN,NaN,NaN
467.79999,474.20001,NaN,NaN,NaN,NaN
468.20001,474.79999,NaN,NaN,NaN,NaN
468.60001,474.60001,NaN,NaN,NaN,NaN
468.60001,474,NaN,NaN,NaN,NaN
469,473.79999,NaN,NaN,NaN,NaN
469.20001,474.20001,NaN,NaN,NaN,NaN
469.79999,474.39999,NaN,NaN,NaN,NaN
470,474.39999,NaN,NaN,NaN,NaN
470.20001,474.60001,NaN,NaN,NaN,NaN
470.60001,474.60001,NaN,NaN,NaN,NaN
470.79999,474.39999,NaN,NaN,NaN,NaN
471,474.20001,NaN,NaN,NaN,NaN
470.60001,474.79999,NaN,NaN,NaN,NaN
471.20001,474.79999,NaN,NaN,NaN,NaN
471.20001,474.39999,NaN,NaN,NaN,NaN
471.20001,474.20001,NaN,NaN,NaN,NaN
472.20001,474.39999,NaN,NaN,NaN,NaN
472,474.60001,NaN,NaN,NaN,NaN
471.79999,474.60001,NaN,NaN,NaN,NaN
472.20001,474.60001,NaN,NaN,NaN,NaN
472.39999,474.60001,NaN,NaN,NaN,NaN
473,474.79999,NaN,NaN,NaN,NaN
473.20001,475.60001,NaN,NaN,NaN,NaN
473,475.79999,NaN,NaN,NaN,NaN
472.39999,475.79999,NaN,NaN,NaN,NaN
472.20001,475.39999,NaN,NaN,NaN,NaN
472.79999,475.20001,NaN,NaN,NaN,NaN
473.39999,475.60001,NaN,NaN,NaN,NaN
473.20001,476.60001,NaN,NaN,NaN,NaN
472.79999,476.79999,NaN,NaN,NaN,NaN
473.60001,477.20001,NaN,NaN,NaN,NaN
473.20001,477.79999,NaN,NaN,NaN,NaN
472.60001,478.39999,NaN,NaN,NaN,NaN
473.39999,479.39999,NaN,NaN,NaN,NaN
473.60001,479.39999,NaN,NaN,NaN,NaN
473.20001,480.60001,NaN,NaN,NaN,NaN
473.39999,481.20001,NaN,NaN,NaN,NaN
473.20001,481.20001,NaN,NaN,NaN,NaN
473.60001,481.79999,NaN,NaN,NaN,NaN
473.79999,483.79999,NaN,NaN,NaN,NaN
474,485.60001,NaN,NaN,NaN,NaN
474.20001,485.79999,NaN,NaN,NaN,NaN
474.20001,488.20001,NaN,NaN,NaN,NaN
474,489,NaN,NaN,NaN,NaN
473.60001,490.39999,NaN,NaN,NaN,NaN
473.60001,492.60001,NaN,NaN,NaN,NaN
473.60001,494,NaN,NaN,NaN,NaN
473.79999,495.39999,NaN,NaN,NaN,NaN
474.39999,496.60001,NaN,NaN,NaN,NaN
474.79999,498.60001,NaN,NaN,NaN,NaN
474.39999,502,NaN,NaN,NaN,NaN
474.20001,NaN,NaN,NaN,NaN,NaN
474.20001,NaN,NaN,NaN,NaN,NaN
474.39999,NaN,NaN,NaN,NaN,NaN
475,NaN,NaN,NaN,NaN,NaN
474.39999,NaN,NaN,NaN,NaN,NaN
474.60001,NaN,NaN,NaN,NaN,NaN
474.79999,NaN,NaN,NaN,NaN,NaN
475,NaN,NaN,NaN,NaN,NaN
474.79999,NaN,NaN,NaN,NaN,NaN
474.20001,NaN,NaN,NaN,NaN,NaN
475,NaN,NaN,NaN,NaN,NaN
475.60001,NaN,NaN,NaN,NaN,NaN
475.39999,NaN,NaN,NaN,NaN,NaN
474.39999,NaN,NaN,NaN,NaN,NaN
473.39999,NaN,NaN,NaN,NaN,NaN
474.39999,NaN,NaN,NaN,NaN,NaN
475,NaN,NaN,NaN,NaN,NaN
474.79999,NaN,NaN,NaN,NaN,NaN
474.60001,NaN,NaN,NaN,NaN,NaN
475,NaN,NaN,NaN,NaN,NaN
475.39999,NaN,NaN,NaN,NaN,NaN
476.60001,NaN,NaN,NaN,NaN,NaN
477,NaN,NaN,NaN,NaN,NaN
477,NaN,NaN,NaN,NaN,NaN
477,NaN,NaN,NaN,NaN,NaN
476.39999,NaN,NaN,NaN,NaN,NaN
477,NaN,NaN,NaN,NaN,NaN
476.60001,NaN,NaN,NaN,NaN,NaN
477.79999,NaN,NaN,NaN,NaN,NaN
478.79999,NaN,NaN,NaN,NaN,NaN
480.79999,NaN,NaN,NaN,NaN,NaN
481,NaN,NaN,NaN,NaN,NaN
481.20001,NaN,NaN,NaN,NaN,NaN
482.39999,NaN,NaN,NaN,NaN,NaN
483.20001,NaN,NaN,NaN,NaN,NaN
484,NaN,NaN,NaN,NaN,NaN
485,NaN,NaN,NaN,NaN,NaN
486.60001,NaN,NaN,NaN,NaN,NaN
487.20001,NaN,NaN,NaN,NaN,NaN
488.20001,NaN,NaN,NaN,NaN,NaN
489.79999,NaN,NaN,NaN,NaN,NaN
491.79999,NaN,NaN,NaN,NaN,NaN
494,NaN,NaN,NaN,NaN,NaN
495.60001,NaN,NaN,NaN,NaN,NaN
497,NaN,NaN,NaN,NaN,NaN
497.79999,NaN,NaN,NaN,NaN,NaN
498.20001,NaN,NaN,NaN,NaN,NaN
499.39999,NaN,NaN,NaN,NaN,NaN
503.60001,NaN,NaN,NaN,NaN,NaN
