-1.5189101,-1.4383399,-1.35838,-1.27354,-1.18809,-1.10172
-1.51799,-1.43742,-1.35746,-1.27262,-1.18717,-1.1008
-1.51738,-1.43681,-1.35655,-1.27201,-1.18656,-1.09989
-1.51677,-1.4362,-1.35594,-1.2714,-1.18595,-1.09928
-1.5164599,-1.43559,-1.35533,-1.2711,-1.18534,-1.09867
-1.5158499,-1.43498,-1.35472,-1.27018,-1.1847301,-1.09806
-1.51494,-1.43437,-1.35411,-1.2698801,-1.1841201,-1.09745
-1.51433,-1.43376,-1.3535,-1.26896,-1.1835099,-1.09714
-1.51372,-1.4331501,-1.35289,-1.26835,-1.1829,-1.09653
-1.51311,-1.4325401,-1.35228,-1.26774,-1.18229,-1.09561
-1.5125,-1.4319299,-1.35166,-1.26682,-1.18168,-1.095
-1.5118901,-1.43162,-1.35075,-1.26621,-1.18107,-1.09439
-1.5112799,-1.43071,-1.34983,-1.2656,-1.18046,-1.09348
-1.5106699,-1.4304,-1.34922,-1.2653,-1.17954,-1.09287
-1.51006,-1.42979,-1.34861,-1.26469,-1.17862,-1.09226
-1.50945,-1.42918,-1.348,-1.26377,-1.17801,-1.09165
-1.50884,-1.42857,-1.3473901,-1.26316,-1.1774,-1.0913399
-1.50822,-1.42766,-1.3467799,-1.26255,-1.17679,-1.09073
-1.50761,-1.4267401,-1.3461699,-1.26194,-1.17618,-1.09012
-1.507,-1.4261301,-1.34556,-1.26133,-1.17557,-1.08951
-1.50639,-1.4255199,-1.34495,-1.26072,-1.17496,-1.0886
-1.50578,-1.4246,-1.34404,-1.26011,-1.17405,-1.08798
-1.50517,-1.42399,-1.34342,-1.2595,-1.17313,-1.08768
-1.50456,-1.42338,-1.34281,-1.25889,-1.17252,-1.08707
-1.50395,-1.42277,-1.3422,-1.25828,-1.17191,-1.08646
-1.50334,-1.42216,-1.34159,-1.25767,-1.1713001,-1.08585
-1.50273,-1.42155,-1.3409801,-1.2570601,-1.171,-1.08524
-1.50212,-1.42094,-1.3403701,-1.2564501,-1.17038,-1.08463
-1.50151,-1.42003,-1.3397599,-1.2558399,-1.16977,-1.08402
-1.5009,-1.4191099,-1.33915,-1.2552299,-1.16916,-1.08341
-1.50029,-1.4184999,-1.33854,-1.25431,-1.16855,-1.0828
-1.49968,-1.41789,-1.33793,-1.2537,-1.16794,-1.08219
-1.49907,-1.41728,-1.33732,-1.25309,-1.16733,-1.08158
-1.4984601,-1.41667,-1.33671,-1.25248,-1.16642,-1.08097
-1.4978499,-1.41606,-1.3361,-1.25187,-1.16581,-1.0803601
-1.4972399,-1.41545,-1.33549,-1.25126,-1.1652,-1.07974
-1.49663,-1.41453,-1.33488,-1.25065,-1.16459,-1.0791301
-1.49571,-1.41392,-1.33427,-1.2500401,-1.16398,-1.0785201
-1.4951,-1.4133101,-1.33366,-1.2494299,-1.1636699,-1.0779099
-1.49449,-1.4127001,-1.3327399,-1.2488199,-1.1630599,-1.0773
-1.49388,-1.4120899,-1.33213,-1.24821,-1.16245,-1.07669
-1.49327,-1.4114799,-1.33152,-1.2476,-1.16184,-1.07608
-1.49266,-1.41087,-1.33091,-1.24668,-1.16123,-1.07547
-1.4920501,-1.41026,-1.3303,-1.24607,-1.16062,-1.07486
-1.4914401,-1.40965,-1.32969,-1.24546,-1.1597,-1.07425
-1.4908299,-1.40904,-1.32908,-1.24485,-1.15909,-1.07364
-1.49022,-1.40843,-1.32847,-1.24424,-1.15848,-1.07303
-1.48961,-1.40782,-1.32786,-1.24332,-1.1578701,-1.07242
-1.489,-1.40721,-1.32725,-1.2424099,-1.1572599,-1.07181
-1.48839,-1.4066,-1.32664,-1.2418,-1.15696,-1.0712
-1.48778,-1.40599,-1.32603,-1.24119,-1.15635,-1.07059
-1.48717,-1.40538,-1.32542,-1.24058,-1.15574,-1.06998
-1.48656,-1.40477,-1.32481,-1.23997,-1.15513,-1.06937
-1.48595,-1.40416,-1.3242,-1.23936,-1.15452,-1.06876
-1.48534,-1.40355,-1.32359,-1.23875,-1.1536,-1.06784
-1.48473,-1.40294,-1.32267,-1.23814,-1.15299,-1.06723
-1.48412,-1.40233,-1.32206,-1.23753,-1.15177,-1.06662
-1.4835,-1.40172,-1.32145,-1.23692,-1.15116,-1.06601
-1.48289,-1.4011,-1.32084,-1.2363,-1.15055,-1.0654
-1.48228,-1.40049,-1.32023,-1.23569,-1.14963,-1.06479
-1.48167,-1.3998801,-1.31962,-1.23508,-1.14902,-1.06418
-1.48106,-1.3992701,-1.31901,-1.23447,-1.14841,-1.06357
-1.48045,-1.3986599,-1.3184,-1.23386,-1.1478,-1.06296
-1.47984,-1.39805,-1.31779,-1.23295,-1.14719,-1.06235
-1.47923,-1.39744,-1.31718,-1.23234,-1.14658,-1.06174
-1.4786201,-1.39683,-1.31657,-1.23173,-1.14566,-1.06113
-1.4780101,-1.39622,-1.31565,-1.23112,-1.14505,-1.0605201
-1.4773999,-1.39561,-1.3147399,-1.2302001,-1.1444401,-1.0599101
-1.47649,-1.395,-1.3141299,-1.2295901,-1.1438299,-1.0592999
-1.47588,-1.39439,-1.31352,-1.2289799,-1.1432199,-1.05869
-1.47526,-1.3934799,-1.31291,-1.22837,-1.14261,-1.05808
-1.47465,-1.3928601,-1.3123,-1.22776,-1.142,-1.05747
-1.47404,-1.3922499,-1.31169,-1.22715,-1.14139,-1.05686
-1.47343,-1.3916399,-1.31108,-1.22654,-1.14078,-1.05625
-1.47282,-1.39103,-1.31016,-1.22593,-1.14017,-1.05564
-1.47221,-1.39042,-1.30924,-1.22532,-1.13956,-1.05502
-1.4716001,-1.38981,-1.30863,-1.22471,-1.13895,-1.05441
-1.4709899,-1.3889,-1.30802,-1.2241,-1.13834,-1.0535001
-1.4703799,-1.38829,-1.30741,-1.22349,-1.13773,-1.0528899
-1.46977,-1.3876801,-1.3068,-1.22288,-1.13712,-1.0522799
-1.46916,-1.3870699,-1.30619,-1.22227,-1.13651,-1.05167
-1.46855,-1.3864599,-1.30558,-1.22135,-1.1359,-1.05106
-1.46794,-1.38585,-1.30497,-1.22074,-1.13529,-1.05045
-1.46733,-1.38524,-1.30436,-1.21982,-1.13468,-1.04984
-1.46672,-1.38462,-1.30375,-1.21921,-1.13407,-1.04923
-1.46611,-1.38401,-1.30314,-1.2186,-1.13346,-1.04862
-1.4655,-1.3834,-1.30222,-1.21799,-1.1328501,-1.04801
-1.46489,-1.38279,-1.30161,-1.21738,-1.1322401,-1.0474
-1.4639699,-1.38218,-1.301,-1.2167701,-1.1316299,-1.04678
-1.46336,-1.38157,-1.30039,-1.2161601,-1.1310199,-1.04617
-1.46275,-1.38096,-1.29978,-1.2155499,-1.13041,-1.04556
-1.46214,-1.38035,-1.29887,-1.21494,-1.1298,-1.04495
-1.46153,-1.37974,-1.29795,-1.21433,-1.12918,-1.04434
-1.46092,-1.37913,-1.29734,-1.21372,-1.12857,-1.04373
-1.46031,-1.37852,-1.29673,-1.21281,-1.12796,-1.04312
-1.4597,-1.37791,-1.29582,-1.2122,-1.12735,-1.04251
-1.45909,-1.3773,-1.29521,-1.21158,-1.12674,-1.0419
-1.45848,-1.37669,-1.2946,-1.21097,-1.12613,-1.04129
-1.4575599,-1.37608,-1.29398,-1.2103601,-1.12552,-1.0406801
-1.45665,-1.37547,-1.29337,-1.2097501,-1.1246099,-1.0400701
-1.45573,-1.37486,-1.29276,-1.2091399,-1.124,-1.0394599
-1.45512,-1.3742501,-1.29215,-1.2085299,-1.12339,-1.0388499
-1.45451,-1.3736399,-1.29154,-1.20792,-1.12278,-1.03824
-1.4539,-1.3730299,-1.29093,-1.20731,-1.12217,-1.03763
-1.45329,-1.37211,-1.29002,-1.2067,-1.12156,-1.03702
-1.4523799,-1.3715,-1.28941,-1.20609,-1.12094,-1.03641
-1.4517699,-1.37059,-1.2888,-1.20548,-1.12033,-1.0358
-1.45116,-1.36998,-1.28819,-1.20487,-1.11972,-1.03519
-1.4505399,-1.36937,-1.28758,-1.20426,-1.11911,-1.03458
-1.44993,-1.36876,-1.28697,-1.20365,-1.1185,-1.0336601
-1.44932,-1.36814,-1.28636,-1.20304,-1.11789,-1.03275
-1.44871,-1.36753,-1.28544,-1.20243,-1.11728,-1.03214
-1.4481,-1.36692,-1.28483,-1.20182,-1.11667,-1.03153
-1.44719,-1.36601,-1.28422,-1.20121,-1.11606,-1.03092
-1.44627,-1.36509,-1.2833,-1.2006,-1.11545,-1.0303
-1.44566,-1.36448,-1.28269,-1.19999,-1.11484,-1.02969
-1.44505,-1.36387,-1.2820801,-1.19907,-1.11423,-1.02908
-1.44444,-1.36326,-1.2814699,-1.19846,-1.11362,-1.02847
-1.44353,-1.36265,-1.2808599,-1.19785,-1.11301,-1.02786
-1.44261,-1.36204,-1.28025,-1.19724,-1.1124001,-1.0272501
-1.442,-1.36143,-1.27964,-1.19633,-1.11148,-1.0266401
-1.44139,-1.3608201,-1.27903,-1.19572,-1.11087,-1.0260299
-1.44078,-1.3602099,-1.27842,-1.1950999,-1.11026,-1.02542
-1.44017,-1.3595999,-1.27781,-1.19449,-1.10965,-1.02481
-1.4395601,-1.35899,-1.2772,-1.19388,-1.10904,-1.0242
-1.4389499,-1.35838,-1.27628,-1.19327,-1.10843,-1.02359
-1.43803,-1.35777,-1.2756701,-1.19266,-1.10782,-1.02298
-1.43742,-1.35716,-1.2750601,-1.19205,-1.10721,-1.02237
-1.43651,-1.35655,-1.2744499,-1.19144,-1.1066,-1.02176
-1.4359,-1.35594,-1.27384,-1.19083,-1.1059901,-1.02115
-1.43529,-1.35533,-1.27323,-1.19022,-1.1053801,-1.02054
-1.43498,-1.35472,-1.27262,-1.18961,-1.1047699,-1.0196199
-1.43437,-1.35411,-1.27201,-1.189,-1.10416,-1.0190099
-1.43376,-1.3531899,-1.2714,-1.18839,-1.10355,-1.0184
-1.4331501,-1.35228,-1.27079,-1.18778,-1.10294,-1.01779
-1.4325401,-1.35166,-1.27018,-1.18717,-1.10233,-1.01718
-1.4319299,-1.35136,-1.26957,-1.18625,-1.10172,-1.01657
-1.43132,-1.35075,-1.26896,-1.18534,-1.10111,-1.01596
-1.4304,-1.35014,-1.26835,-1.18442,-1.1005,-1.01535
-1.42979,-1.34953,-1.26774,-1.1835099,-1.09989,-1.01474
-1.42918,-1.34892,-1.26713,-1.1829,-1.09928,-1.01413
-1.42857,-1.34831,-1.26652,-1.18229,-1.09867,-1.01352
-1.42796,-1.3477,-1.26591,-1.18168,-1.09806,-1.01291
-1.42705,-1.3467799,-1.2653,-1.18107,-1.09745,-1.0123
-1.4261301,-1.34587,-1.26469,-1.18046,-1.09684,-1.01169
-1.42521,-1.34526,-1.26408,-1.17954,-1.09622,-1.01108
-1.4243,-1.34465,-1.2634701,-1.17862,-1.09561,-1.01047
-1.42369,-1.34434,-1.2622499,-1.17801,-1.095,-1.00986
-1.42308,-1.34373,-1.26164,-1.1774,-1.09439,-1.00925
-1.42247,-1.34312,-1.26072,-1.17679,-1.09348,-1.0086401
-1.42186,-1.34251,-1.2598,-1.17618,-1.09287,-1.0080301
-1.42125,-1.3419,-1.25919,-1.17557,-1.09226,-1.0074199
-1.42064,-1.34129,-1.25858,-1.17496,-1.09165,-1.0068099
-1.42003,-1.34068,-1.25797,-1.17435,-1.09104,-1.0062
-1.41942,-1.34007,-1.25736,-1.17374,-1.09043,-1.0055799
-1.41881,-1.33946,-1.25675,-1.17283,-1.08982,-1.00497
-1.4182,-1.33885,-1.2558399,-1.17191,-1.08921,-1.00436
-1.41758,-1.33824,-1.25462,-1.171,-1.0886,-1.00375
-1.41697,-1.33763,-1.25401,-1.17038,-1.08798,-1.00314
-1.41636,-1.33702,-1.2534,-1.16977,-1.08737,-1.00253
-1.41575,-1.33641,-1.25278,-1.16947,-1.08676,-1.00192
-1.41514,-1.3358001,-1.25187,-1.16886,-1.0861501,-1.00131
-1.41453,-1.33518,-1.25126,-1.16825,-1.0855401,-1.0007
-1.41362,-1.3345701,-1.25065,-1.16764,-1.0849299,-1.00009
-1.4127001,-1.3339601,-1.2500401,-1.16703,-1.0843199,-0.99918002
-1.4120899,-1.3333499,-1.2494299,-1.16642,-1.08341,-0.99857002
-1.4114799,-1.3327399,-1.2488199,-1.16581,-1.0828,-0.99765003
-1.41087,-1.33213,-1.24821,-1.1652,-1.08219,-0.99673003
-1.40996,-1.33152,-1.2476,-1.16459,-1.08158,-0.99611998
-1.40934,-1.33091,-1.24699,-1.1636699,-1.08097,-0.99520999
-1.40873,-1.3303,-1.24668,-1.16276,-1.0803601,-0.99428999
-1.40812,-1.32969,-1.24607,-1.16214,-1.07974,-0.99368
-1.40751,-1.32908,-1.24546,-1.16153,-1.0791301,-0.99277002
-1.4069,-1.32847,-1.24485,-1.16092,-1.0785201,-0.99185002
-1.4062901,-1.32786,-1.24393,-1.16031,-1.0779099,-0.99124002
-1.4056799,-1.32725,-1.24332,-1.1597,-1.0773,-0.99032998
-1.4050699,-1.32664,-1.24271,-1.15909,-1.07669,-0.98940998
-1.40446,-1.32603,-1.2421,-1.15848,-1.07608,-0.98848999
-1.40385,-1.32542,-1.24149,-1.1578701,-1.07547,-0.98758
-1.40324,-1.32481,-1.24088,-1.1572599,-1.07486,-0.98697001
-1.40263,-1.3242,-1.24027,-1.1566499,-1.0739501,-0.98636001
-1.40202,-1.32328,-1.23966,-1.15604,-1.07303,-0.98544002
-1.40141,-1.3223701,-1.23905,-1.15543,-1.07242,-0.98483002
-1.4008,-1.3217601,-1.23844,-1.15482,-1.07181,-0.98391998
-1.40019,-1.3211499,-1.23783,-1.15421,-1.0708899,-0.98299998
-1.39958,-1.32054,-1.23722,-1.1536,-1.07028,-0.98238999
-1.39897,-1.31993,-1.2366101,-1.15299,-1.06967,-0.98177999
-1.39836,-1.31932,-1.2359999,-1.15238,-1.06906,-0.98085999
-1.39775,-1.3187,-1.2353899,-1.15177,-1.06845,-0.98025
-1.39683,-1.31809,-1.23478,-1.15116,-1.06784,-0.97934002
-1.39622,-1.31748,-1.23417,-1.15055,-1.06723,-0.97873002
-1.39561,-1.31687,-1.23356,-1.14994,-1.06662,-0.97781003
-1.395,-1.31626,-1.23295,-1.14933,-1.06601,-0.97689998
-1.39439,-1.31565,-1.23203,-1.14872,-1.0654,-0.97628999
-1.39378,-1.31504,-1.23112,-1.14811,-1.06479,-0.97536999
-1.39317,-1.31443,-1.23051,-1.1475,-1.06418,-0.97446001
-1.39256,-1.31382,-1.2299,-1.14689,-1.06357,-0.97385001
-1.39195,-1.31321,-1.2289799,-1.1462801,-1.06296,-0.97324002
-1.39134,-1.3126,-1.22806,-1.14566,-1.06235,-0.97262001
-1.39073,-1.31199,-1.22715,-1.14505,-1.06174,-0.97171003
-1.39012,-1.31138,-1.22654,-1.1444401,-1.06113,-0.97079003
-1.3892,-1.31077,-1.22593,-1.1438299,-1.0605201,-0.97017998
-1.38859,-1.31016,-1.22532,-1.14292,-1.0599101,-0.96956998
-1.38798,-1.30955,-1.22471,-1.142,-1.0592999,-0.96895999
-1.38737,-1.3089401,-1.2241,-1.14139,-1.05869,-0.96834999
-1.38676,-1.3083301,-1.22349,-1.14078,-1.05808,-0.96774
-1.38615,-1.3077199,-1.22288,-1.14017,-1.05747,-0.96713001
-1.38554,-1.30711,-1.22227,-1.13956,-1.05686,-0.96652001
-1.38493,-1.3065,-1.22166,-1.13895,-1.05594,-0.96591002
-1.38432,-1.30589,-1.22105,-1.13834,-1.05533,-0.96530002
-1.38371,-1.30528,-1.22044,-1.13773,-1.05472,-0.96438003
-1.3831,-1.30467,-1.21982,-1.1368099,-1.0541101,-0.96346998
-1.38188,-1.30406,-1.21921,-1.1359,-1.0535001,-0.96285999
-1.3812701,-1.30345,-1.2186,-1.13529,-1.0528899,-0.96193999
-1.3806601,-1.30284,-1.21799,-1.13468,-1.0522799,-0.96164
-1.3800499,-1.3019201,-1.21738,-1.13407,-1.05167,-0.96072
-1.3794399,-1.3013099,-1.2167701,-1.13346,-1.05106,-0.95981002
-1.37883,-1.3006999,-1.2161601,-1.1328501,-1.05045,-0.95889002
-1.37822,-1.30009,-1.21525,-1.1322401,-1.04984,-0.95828003
-1.37761,-1.29917,-1.21433,-1.12857,-1.04923,-0.95736998
-1.377,-1.29856,-1.21372,-1.12766,-1.04862,-0.95675999
-1.37638,-1.29795,-1.21311,-1.12705,-1.04801,-0.95613998
-1.37577,-1.29734,-1.2125,-1.12644,-1.0474,-0.95552999
-1.37516,-1.29673,-1.21189,-1.12552,-1.04678,-0.95462
-1.37455,-1.29612,-1.21128,-1.12491,-1.04617,-0.95370001
-1.37394,-1.2955101,-1.21067,-1.1243,-1.04556,-0.95309001
-1.37333,-1.2948999,-1.21006,-1.12369,-1.04495,-0.95248002
-1.37272,-1.2942899,-1.20945,-1.12308,-1.04434,-0.95187002
-1.37211,-1.29368,-1.2085299,-1.12247,-1.04373,-0.95125997
-1.3715,-1.29307,-1.20792,-1.12186,-1.04312,-0.95064998
-1.37089,-1.29215,-1.20731,-1.12125,-1.04251,-0.94973999
-1.37028,-1.29154,-1.2067,-1.12064,-1.0419,-0.94881999
-1.36937,-1.29093,-1.20609,-1.12003,-1.04129,-0.9479
-1.36876,-1.29032,-1.20548,-1.1194201,-1.04038,-0.94699001
-1.36814,-1.28971,-1.20487,-1.1188101,-1.03977,-0.94638002
-1.36753,-1.2891001,-1.20426,-1.1181999,-1.03916,-0.94577003
-1.36692,-1.2884901,-1.20365,-1.11759,-1.03854,-0.94485003
-1.36631,-1.2878799,-1.20304,-1.11698,-1.03793,-0.94393998
-1.3657,-1.2872699,-1.20243,-1.11637,-1.03732,-0.94332999
-1.36509,-1.28666,-1.20182,-1.11576,-1.03671,-0.94240999
-1.36448,-1.28605,-1.2009,-1.11515,-1.0361,-0.94150001
-1.36387,-1.28544,-1.20029,-1.11454,-1.03549,-0.94058001
-1.36296,-1.28452,-1.19968,-1.11393,-1.03488,-0.93997002
-1.36235,-1.28391,-1.19907,-1.11332,-1.03427,-0.93905002
-1.36174,-1.2833,-1.19846,-1.1127,-1.0336601,-0.93813998
-1.36113,-1.28239,-1.19785,-1.11209,-1.0330499,-0.93721998
-1.36052,-1.28178,-1.19724,-1.1111799,-1.0324399,-0.93630999
-1.3599,-1.28117,-1.19663,-1.11057,-1.03183,-0.9357
-1.35929,-1.28056,-1.19602,-1.10996,-1.03122,-0.93509001
-1.35899,-1.27995,-1.19541,-1.10935,-1.03061,-0.93448001
-1.35838,-1.27934,-1.1948,-1.10874,-1.03,-0.93356001
-1.35777,-1.27873,-1.19419,-1.10813,-1.02939,-0.93295002
-1.35685,-1.27812,-1.19327,-1.10752,-1.02878,-0.93234003
-1.35594,-1.2775,-1.19236,-1.1066,-1.02817,-0.93172997
-1.35502,-1.27689,-1.19175,-1.1059901,-1.02756,-0.93111998
-1.35472,-1.27628,-1.1911401,-1.1053801,-1.02695,-0.93019998
-1.35411,-1.2756701,-1.1905299,-1.1047699,-1.02634,-0.92929
-1.3535,-1.2750601,-1.1899199,-1.10416,-1.02573,-0.92868
-1.35258,-1.2744499,-1.18931,-1.10355,-1.02512,-0.92776
-1.35228,-1.27384,-1.18839,-1.10294,-1.02451,-0.92685002
-1.35166,-1.27323,-1.18748,-1.10233,-1.0239,-0.92624003
-1.35105,-1.27262,-1.18686,-1.10172,-1.02329,-0.92562997
-1.35014,-1.27201,-1.18625,-1.10111,-1.02268,-0.92470998
-1.34953,-1.2714,-1.18564,-1.1005,-1.02206,-0.92379999
-1.34892,-1.27079,-1.18503,-1.09989,-1.02145,-0.92317998
-1.34831,-1.27018,-1.18442,-1.09928,-1.02084,-0.92256999
-1.3477,-1.26957,-1.18381,-1.09867,-1.0202301,-0.92196
-1.34709,-1.26896,-1.1832,-1.09806,-1.0196199,-0.92135
-1.34648,-1.26835,-1.18259,-1.09745,-1.0190099,-0.92044002
-1.3461699,-1.26774,-1.18198,-1.09684,-1.0184,-0.91983002
-1.34556,-1.26713,-1.18137,-1.09622,-1.01779,-0.91921997
-1.34495,-1.26652,-1.18046,-1.09561,-1.01718,-0.91860998
-1.34434,-1.26591,-1.17954,-1.095,-1.01657,-0.91799998
-1.34373,-1.2653,-1.17893,-1.09439,-1.01566,-0.91707999
-1.34251,-1.26469,-1.1783201,-1.09378,-1.01474,-0.91617
-1.3419,-1.26408,-1.1777101,-1.09317,-1.01413,-0.91525
-1.34129,-1.2634701,-1.1770999,-1.0925601,-1.01352,-0.91433001
-1.34068,-1.2628599,-1.1764899,-1.0919501,-1.0132101,-0.91372001
-1.34007,-1.2622499,-1.17588,-1.09104,-1.0125999,-0.91311002
-1.33946,-1.26164,-1.17527,-1.09012,-1.01199,-0.91250002
-1.33885,-1.2610199,-1.17466,-1.08951,-1.01138,-0.91188997
-1.33824,-1.26041,-1.17405,-1.0889,-1.01077,-0.91097999
-1.33763,-1.2598,-1.17344,-1.08829,-1.01016,-0.91036999
-1.33702,-1.25919,-1.17283,-1.08768,-1.00955,-0.90976
-1.33641,-1.25828,-1.17222,-1.08707,-1.00894,-0.90915
-1.3358001,-1.25736,-1.17161,-1.08646,-1.00833,-0.90854001
-1.33518,-1.25675,-1.1713001,-1.08585,-1.00772,-0.90793002
-1.3345701,-1.25614,-1.1706899,-1.08524,-1.00711,-0.90732002
-1.3339601,-1.25553,-1.1700799,-1.08463,-1.0065,-0.90640002
-1.3333499,-1.25492,-1.16947,-1.08402,-1.00589,-0.90578997
-1.3327399,-1.25431,-1.16886,-1.08341,-1.00528,-0.90517998
-1.33213,-1.2537,-1.16764,-1.0828,-1.00467,-0.90456998
-1.33152,-1.25309,-1.16733,-1.08219,-1.00406,-0.90395999
-1.33091,-1.25248,-1.16672,-1.08158,-1.00314,-0.90335
-1.3303,-1.25187,-1.16611,-1.08097,-1.00253,-0.90274
-1.32969,-1.25126,-1.1655,-1.0803601,-1.00192,-0.90182
-1.3287801,-1.25065,-1.1648901,-1.07974,-1.00131,-0.90091002
-1.3281699,-1.2500401,-1.1642801,-1.07944,-1.0007,-0.89999002
-1.3275599,-1.2494299,-1.1636699,-1.0785201,-1.00009,-0.89938003
-1.3269399,-1.2488199,-1.1630599,-1.0779099,-0.99948001,-0.89876997
-1.3263299,-1.24821,-1.16245,-1.0773,-0.99887002,-0.89815998
-1.32572,-1.2476,-1.16184,-1.077,-0.99795997,-0.89723998
-1.32511,-1.24699,-1.16123,-1.07639,-0.99734002,-0.89633
-1.3245,-1.24638,-1.16062,-1.07578,-0.99673003,-0.89572001
-1.32389,-1.24577,-1.1597,-1.07517,-0.99611998,-0.89480001
-1.32328,-1.24516,-1.15909,-1.07456,-0.99550998,-0.89389002
-1.32267,-1.24454,-1.15848,-1.0739501,-0.99489999,-0.89297003
-1.32206,-1.24393,-1.1578701,-1.0733401,-0.99399,-0.89235997
-1.32145,-1.24332,-1.1572599,-1.0727299,-0.99338001,-0.89174998
-1.32084,-1.24271,-1.1566499,-1.07212,-0.99246001,-0.89113998
-1.32023,-1.2421,-1.15604,-1.0714999,-0.99185002,-0.89021999
-1.31962,-1.24149,-1.15543,-1.0708899,-0.99093997,-0.88960999
-1.31901,-1.24088,-1.15482,-1.07028,-0.99032998,-0.889
-1.3184,-1.24027,-1.15421,-1.06967,-0.98971999,-0.88839
-1.31779,-1.23966,-1.1536,-1.06906,-0.98879999,-0.88778001
-1.31718,-1.23905,-1.15299,-1.06845,-0.98787999,-0.88687003
-1.31657,-1.23844,-1.15238,-1.06784,-0.98697001,-0.88595003
-1.31596,-1.23783,-1.15177,-1.06723,-0.98605001,-0.88503999
-1.3153501,-1.23722,-1.15116,-1.06662,-0.98544002,-0.88442999
-1.3147399,-1.2366101,-1.15055,-1.06601,-0.98483002,-0.88382
-1.3141299,-1.2359999,-1.14994,-1.0654,-0.98422003,-0.8829
-1.31352,-1.2353899,-1.14933,-1.06479,-0.98360997,-0.88198
-1.31291,-1.23478,-1.14872,-1.06418,-0.98299998,-0.88107002
-1.3123,-1.23417,-1.1478,-1.06357,-0.98238999,-0.88046002
-1.31169,-1.23356,-1.14689,-1.06296,-0.98148,-0.87984997
-1.31108,-1.23295,-1.1462801,-1.06235,-0.98085999,-0.87923998
-1.31046,-1.23234,-1.14566,-1.06143,-0.98025,-0.87862998
-1.30985,-1.23173,-1.14505,-1.06082,-0.97964001,-0.87801999
-1.30924,-1.23112,-1.1444401,-1.06021,-0.97903001,-0.87709999
-1.30863,-1.2302001,-1.1438299,-1.0596,-0.97812003,-0.87619001
-1.30802,-1.22929,-1.1432199,-1.05899,-0.97719997,-0.87558001
-1.30741,-1.22868,-1.14261,-1.05838,-0.97628999,-0.87466002
-1.3068,-1.22806,-1.142,-1.05777,-0.97536999,-0.87374002
-1.30619,-1.22745,-1.14139,-1.05716,-0.97446001,-0.87282997
-1.30558,-1.22684,-1.14078,-1.05655,-0.97354001,-0.87190998
-1.30467,-1.22623,-1.14017,-1.05594,-0.97262001,-0.87129998
-1.30406,-1.22562,-1.13956,-1.05533,-0.97201002,-0.87068999
-1.30345,-1.22501,-1.13895,-1.05472,-0.97140002,-0.87007999
-1.30284,-1.2241,-1.13834,-1.0541101,-0.97079003,-0.86947
-1.30222,-1.22349,-1.13773,-1.0535001,-0.97017998,-0.86886001
-1.30161,-1.22288,-1.13712,-1.0528899,-0.96956998,-0.86795002
-1.3006999,-1.22227,-1.1362,-1.0522799,-0.96895999,-0.86703002
-1.30009,-1.22135,-1.13529,-1.05167,-0.96834999,-0.86611998
-1.29948,-1.22074,-1.13468,-1.05106,-0.96774,-0.86549997
-1.29887,-1.22013,-1.13407,-1.05045,-0.96683002,-0.86488998
-1.29826,-1.21952,-1.13346,-1.04984,-0.96591002,-0.86427999
-1.29765,-1.21921,-1.1328501,-1.04923,-0.96499997,-0.86366999
-1.29704,-1.2183,-1.1322401,-1.04862,-0.96407998,-0.86306
-1.29643,-1.21769,-1.1316299,-1.04801,-0.96346998,-0.86245
-1.29582,-1.21708,-1.1310199,-1.0474,-0.96285999,-0.86154002
-1.2948999,-1.21647,-1.13041,-1.04678,-0.96224999,-0.86062002
-1.2942899,-1.21586,-1.1298,-1.04617,-0.96133,-0.86001003
-1.29368,-1.21525,-1.12918,-1.04556,-0.96042001,-0.85939997
-1.29307,-1.21464,-1.12857,-1.04495,-0.95981002,-0.85878998
-1.29246,-1.21403,-1.12796,-1.04434,-0.95920002,-0.85817999
-1.29185,-1.21372,-1.12735,-1.04373,-0.95828003,-0.85756999
-1.29124,-1.21281,-1.12674,-1.04312,-0.95766997,-0.85664999
-1.29063,-1.21189,-1.12613,-1.04251,-0.95705998,-0.85604
-1.29002,-1.21128,-1.12552,-1.0419,-0.95644999,-0.85543001
-1.28941,-1.2103601,-1.12491,-1.04129,-0.95523,-0.85452002
-1.2888,-1.2097501,-1.1243,-1.0406801,-0.95431,-0.85360003
-1.28819,-1.20945,-1.12369,-1.0400701,-0.95340002,-0.85298997
-1.28758,-1.20884,-1.12308,-1.0394599,-0.95248002,-0.85207999
-1.28697,-1.20823,-1.12247,-1.0388499,-0.95187002,-0.85146999
-1.28636,-1.20762,-1.12186,-1.03824,-0.95095998,-0.85086
-1.28574,-1.20701,-1.12125,-1.03763,-0.95003998,-0.85025001
-1.28513,-1.2064,-1.12033,-1.03702,-0.94942999,-0.84964001
-1.28452,-1.20579,-1.11972,-1.0361,-0.94821,-0.84902
-1.28391,-1.20518,-1.11911,-1.03549,-0.94729,-0.84841001
-1.283,-1.2045701,-1.1185,-1.03488,-0.94668001,-0.84750003
-1.28239,-1.20365,-1.11789,-1.03427,-0.94607002,-0.84688997
-1.28178,-1.20304,-1.11728,-1.0336601,-0.94546002,-0.84627998
-1.28117,-1.20243,-1.11667,-1.0330499,-0.94515997,-0.84566998
-1.28056,-1.20182,-1.11606,-1.0324399,-0.94423997,-0.84505999
-1.27995,-1.20121,-1.11545,-1.03183,-0.94362998,-0.84445
-1.27934,-1.2006,-1.11484,-1.03122,-0.94301999,-0.84384
-1.27842,-1.19999,-1.11423,-1.03061,-0.94211,-0.84323001
-1.27781,-1.19938,-1.11362,-1.03,-0.94150001,-0.84262002
-1.2772,-1.19877,-1.1127,-1.02939,-0.94089001,-0.84201002
-1.27659,-1.1981601,-1.1117899,-1.02878,-0.94028002,-0.84140003
-1.27598,-1.19724,-1.1111799,-1.02817,-0.93936002,-0.84078002
-1.27537,-1.1969399,-1.11057,-1.02756,-0.93875003,-0.84017003
-1.27476,-1.19633,-1.10996,-1.02695,-0.93782997,-0.83955997
-1.27384,-1.19572,-1.10935,-1.02634,-0.93721998,-0.83864999
-1.27293,-1.1950999,-1.10874,-1.02573,-0.93660998,-0.83803999
-1.27232,-1.19449,-1.10813,-1.02512,-0.93599999,-0.83743
-1.27171,-1.19388,-1.10752,-1.02451,-0.93539,-0.83682001
-1.2711,-1.19327,-1.10691,-1.0239,-0.93448001,-0.83621001
-1.2704901,-1.19266,-1.1063,-1.02329,-0.93356001,-0.83560002
-1.2698801,-1.19205,-1.10569,-1.02268,-0.93234003,-0.83499002
-1.26926,-1.19144,-1.10508,-1.02206,-0.93172997,-0.83407003
-1.2686501,-1.19083,-1.10446,-1.02145,-0.93080997,-0.83315998
-1.2680399,-1.19022,-1.10385,-1.02084,-0.93019998,-0.83223999
-1.2674299,-1.18961,-1.10324,-1.0202301,-0.92958999,-0.83162999
-1.26682,-1.1887,-1.10263,-1.0196199,-0.92897999,-0.83102
-1.26621,-1.18778,-1.10202,-1.0190099,-0.92837,-0.83041
-1.2656,-1.18717,-1.10141,-1.0184,-0.92776,-0.82949001
-1.26499,-1.18656,-1.1008,-1.01779,-0.92685002,-0.82888001
-1.26438,-1.18595,-1.10019,-1.01718,-0.92593002,-0.82797003
-1.26377,-1.18534,-1.09958,-1.01657,-0.92501998,-0.82704997
-1.26316,-1.1847301,-1.0989701,-1.01596,-0.92409998,-0.82613999
-1.2622499,-1.1835099,-1.0983599,-1.01535,-0.92317998,-0.82552999
-1.26164,-1.1829,-1.0977499,-1.01474,-0.92256999,-0.82492
-1.2610199,-1.18229,-1.09714,-1.01413,-0.92196,-0.82429999
-1.26041,-1.18168,-1.09653,-1.01352,-0.92135,-0.82369
-1.2598,-1.18107,-1.09592,-1.01291,-0.92044002,-0.82278001
-1.25919,-1.18046,-1.09531,-1.0123,-0.91952002,-0.82217002
-1.25858,-1.17985,-1.0947,-1.01169,-0.91860998,-0.82125002
-1.25797,-1.17924,-1.09409,-1.01108,-0.91768998,-0.82033998
-1.25736,-1.17862,-1.09348,-1.01047,-0.91677999,-0.81972998
-1.25675,-1.17801,-1.09287,-1.00986,-0.91617,-0.81941998
-1.25614,-1.1774,-1.09226,-1.00925,-0.91556001,-0.81851
-1.25553,-1.17679,-1.09165,-1.0086401,-0.91494,-0.81759
-1.25492,-1.17618,-1.09104,-1.0080301,-0.91433001,-0.81698
-1.25431,-1.17527,-1.09043,-1.0074199,-0.91342002,-0.81637001
-1.2537,-1.17466,-1.08982,-1.0068099,-0.91281003,-0.81576002
-1.25309,-1.17405,-1.08921,-1.0062,-0.91219997,-0.81545001
-1.25248,-1.17344,-1.0886,-1.0055799,-0.91158998,-0.81484002
-1.25187,-1.17283,-1.08798,-1.00497,-0.91066998,-0.81392998
-1.25126,-1.17222,-1.08737,-1.00436,-0.91005999,-0.81270999
-1.25065,-1.17161,-1.08646,-1.00375,-0.90944999,-0.81209999
-1.2500401,-1.171,-1.08585,-1.00284,-0.90854001,-0.81149
-1.24912,-1.17038,-1.08524,-1.00192,-0.90793002,-0.81088001
-1.24851,-1.16977,-1.08463,-1.00131,-0.90732002,-0.81027001
-1.2476,-1.16916,-1.08402,-1.0007,-0.90640002,-0.80966002
-1.24668,-1.16855,-1.0831,-1.00009,-0.90548003,-0.80905002
-1.24607,-1.16794,-1.08249,-0.99948001,-0.90456998,-0.80844003
-1.24546,-1.16733,-1.08188,-0.99887002,-0.90395999,-0.80782002
-1.24454,-1.16672,-1.08158,-0.99826002,-0.90303999,-0.80721003
-1.2436301,-1.16611,-1.08066,-0.99765003,-0.90243,-0.80659997
-1.2430201,-1.1655,-1.08005,-0.99703997,-0.90182,-0.80598998
-1.2424099,-1.1648901,-1.07944,-0.99642998,-0.90121001,-0.80537999
-1.2418,-1.1642801,-1.07883,-0.99550998,-0.90060002,-0.80476999
-1.24119,-1.1636699,-1.07822,-0.9946,-0.89999002,-0.80355
-1.24058,-1.16276,-1.07761,-0.99368,-0.89938003,-0.80294001
-1.23997,-1.16214,-1.077,-0.99277002,-0.89845997,-0.80233002
-1.23936,-1.16153,-1.07669,-0.99185002,-0.89754999,-0.80172002
-1.23875,-1.16092,-1.07608,-0.99093997,-0.89693999,-0.80111003
-1.23814,-1.16031,-1.07547,-0.99032998,-0.89633,-0.80080998
-1.23753,-1.1597,-1.07486,-0.98971999,-0.89572001,-0.80019999
-1.23692,-1.15879,-1.07425,-0.98909998,-0.89511001,-0.79927999
-1.2363,-1.15818,-1.0733401,-0.98848999,-0.89450002,-0.79896998
-1.23569,-1.15757,-1.07212,-0.98787999,-0.89389002,-0.79835999
-1.23508,-1.15696,-1.07181,-0.98727,-0.89297003,-0.79745001
-1.23447,-1.15635,-1.0712,-0.98666,-0.89205998,-0.79684001
-1.23386,-1.15574,-1.07059,-0.98605001,-0.89113998,-0.79623002
-1.23325,-1.15513,-1.06998,-0.98544002,-0.89052999,-0.79531002
-1.23234,-1.15421,-1.06937,-0.98483002,-0.88992,-0.79439998
-1.23173,-1.15329,-1.06876,-0.98422003,-0.88931,-0.79408997
-1.23112,-1.15268,-1.06815,-0.98360997,-0.88870001,-0.79317999
-1.23051,-1.15207,-1.06754,-0.98299998,-0.88809001,-0.79225999
-1.2299,-1.1514601,-1.0669301,-0.98238999,-0.88717002,-0.79133999
-1.2295901,-1.1508501,-1.0663199,-0.98177999,-0.88625997,-0.79073
-1.2289799,-1.14994,-1.0657099,-0.98085999,-0.88533998,-0.79012001
-1.22837,-1.14933,-1.0651,-0.97995001,-0.88472998,-0.78921002
-1.22776,-1.14872,-1.06449,-0.97934002,-0.88382,-0.78829002
-1.22684,-1.14811,-1.06388,-0.97873002,-0.88321,-0.78767997
-1.22623,-1.1475,-1.06326,-0.97812003,-0.88260001,-0.78706998
-1.22562,-1.14689,-1.06265,-0.97750998,-0.88168001,-0.78645998
-1.22501,-1.1462801,-1.06204,-0.97689998,-0.88107002,-0.78584999
-1.2244,-1.14536,-1.06143,-0.97628999,-0.88046002,-0.78523999
-1.22379,-1.14475,-1.06082,-0.97567999,-0.87984997,-0.78463
-1.2231801,-1.14414,-1.06021,-0.97507,-0.87892997,-0.78402001
-1.2225699,-1.14353,-1.0596,-0.97415,-0.87831998,-0.78310001
-1.2219599,-1.14292,-1.05899,-0.97324002,-0.87740999,-0.78249002
-1.22135,-1.14231,-1.05838,-0.97232002,-0.87649,-0.78188002
-1.22074,-1.1417,-1.05777,-0.97171003,-0.87588,-0.78096998
-1.21982,-1.14109,-1.05716,-0.97109997,-0.87527001,-0.78004998
-1.21891,-1.14048,-1.05655,-0.97048998,-0.87466002,-0.77943999
-1.2183,-1.13987,-1.05594,-0.96987998,-0.87405002,-0.77882999
-1.21769,-1.1392601,-1.05533,-0.96895999,-0.87344003,-0.77822
-1.21708,-1.1386499,-1.05472,-0.96805,-0.87282997,-0.77761
-1.21647,-1.1380399,-1.0541101,-0.96713001,-0.87190998,-0.77670002
-1.2155499,-1.1374201,-1.0535001,-0.96622002,-0.87129998,-0.77609003
-1.21464,-1.1368099,-1.0528899,-0.96561003,-0.87039,-0.77547997
-1.21403,-1.1359,-1.0522799,-0.96499997,-0.86978,-0.77486002
-1.21311,-1.13529,-1.05167,-0.96407998,-0.86917001,-0.77394998
-1.2125,-1.13468,-1.05106,-0.96346998,-0.86856002,-0.77302998
-1.21189,-1.13407,-1.05045,-0.96285999,-0.86795002,-0.77241999
-1.21128,-1.13346,-1.04984,-0.96224999,-0.86703002,-0.77151
-1.21067,-1.1328501,-1.04923,-0.96164,-0.86641997,-0.77090001
-1.21006,-1.1322401,-1.04862,-0.96072,-0.86580998,-0.77029002
-1.20945,-1.1316299,-1.04801,-0.95981002,-0.86519998,-0.76937002
-1.20884,-1.1310199,-1.0474,-0.95920002,-0.86458999,-0.76845998
-1.20823,-1.13041,-1.04678,-0.95858997,-0.86366999,-0.76753998
-1.20762,-1.1298,-1.04617,-0.95797998,-0.86306,-0.76692998
-1.2067,-1.12918,-1.04556,-0.95736998,-0.86245,-0.76631999
-1.20579,-1.12857,-1.04495,-0.95675999,-0.86184001,-0.76571
-1.20518,-1.12796,-1.04434,-0.95613998,-0.86123002,-0.7651
-1.2045701,-1.12735,-1.04373,-0.95523,-0.86062002,-0.76449001
-1.2039599,-1.12674,-1.04312,-0.95431,-0.86001003,-0.76388001
-1.2033401,-1.12613,-1.04251,-0.95370001,-0.85939997,-0.76327002
-1.20243,-1.12552,-1.0419,-0.95309001,-0.85848999,-0.76266003
-1.20151,-1.12491,-1.04129,-0.95248002,-0.85756999,-0.76174003
-1.2009,-1.1243,-1.0406801,-0.95187002,-0.85664999,-0.76082999
-1.20029,-1.12369,-1.0400701,-0.95125997,-0.85604,-0.76021999
-1.19938,-1.12308,-1.0394599,-0.95064998,-0.85543001,-0.75929999
-1.19846,-1.12247,-1.0388499,-0.95003998,-0.85482001,-0.75838
-1.1975501,-1.12186,-1.03824,-0.94942999,-0.85421002,-0.75747001
-1.1969399,-1.12125,-1.03763,-0.94852,-0.85329998,-0.75686002
-1.19633,-1.12064,-1.03702,-0.94760001,-0.85237998,-0.75625002
-1.19572,-1.12003,-1.03641,-0.94668001,-0.85176998,-0.75533003
-1.1950999,-1.1194201,-1.0358,-0.94577003,-0.85086,-0.75441998
-1.19449,-1.1188101,-1.03519,-0.94485003,-0.85025001,-0.75380999
-1.19388,-1.1181999,-1.03458,-0.94393998,-0.84964001,-0.75319999
-1.19327,-1.11759,-1.03397,-0.94332999,-0.84872001,-0.75228
-1.19266,-1.11698,-1.03336,-0.94272,-0.84811002,-0.75137001
-1.19175,-1.11606,-1.0324399,-0.94211,-0.84719002,-0.75076002
-1.19083,-1.11545,-1.03183,-0.94150001,-0.84658003,-0.75014001
-1.19022,-1.11484,-1.03122,-0.94089001,-0.84566998,-0.74953002
-1.18961,-1.11423,-1.03061,-0.94028002,-0.84505999,-0.74892002
-1.189,-1.11362,-1.03,-0.93966001,-0.84445,-0.74831003
-1.18839,-1.11301,-1.02939,-0.93905002,-0.84384,-0.74739999
-1.18778,-1.1124001,-1.02878,-0.93844002,-0.84292001,-0.74647999
-1.18717,-1.1117899,-1.02817,-0.93782997,-0.84201002,-0.74557
-1.18625,-1.1111799,-1.02756,-0.93721998,-0.84140003,-0.74465001
-1.18534,-1.11057,-1.02695,-0.93660998,-0.84078002,-0.74404001
-1.1847301,-1.10996,-1.02634,-0.93599999,-0.84017003,-0.74343002
-1.1841201,-1.10935,-1.02573,-0.93539,-0.83955997,-0.74282002
-1.1835099,-1.10874,-1.02481,-0.93448001,-0.83894998,-0.74220997
-1.1829,-1.10813,-1.0239,-0.93356001,-0.83803999,-0.74159998
-1.18229,-1.10752,-1.02329,-0.93265003,-0.83743,-0.74098998
-1.18168,-1.10691,-1.02268,-0.93203998,-0.83682001,-0.74037999
-1.18107,-1.1063,-1.02206,-0.93142003,-0.83590001,-0.73977
-1.18046,-1.10569,-1.02145,-0.93050998,-0.83529001,-0.73885
-1.17954,-1.10508,-1.02084,-0.92958999,-0.83437997,-0.73824
-1.17893,-1.10446,-1.0202301,-0.92868,-0.83376998,-0.73733002
-1.1783201,-1.10385,-1.0196199,-0.92776,-0.83315998,-0.73672003
-1.1774,-1.10324,-1.0190099,-0.92685002,-0.83253998,-0.73610997
-1.17679,-1.10263,-1.0184,-0.92593002,-0.83192998,-0.73549998
-1.17618,-1.10202,-1.01779,-0.92501998,-0.83102,-0.73488998
-1.17557,-1.10141,-1.01718,-0.92440999,-0.8301,-0.73396999
-1.17496,-1.1008,-1.01657,-0.92379999,-0.82949001,-0.73304999
-1.17435,-1.10019,-1.01596,-0.92287999,-0.82888001,-0.73243999
-1.17374,-1.09958,-1.01535,-0.92227,-0.82827002,-0.73183
-1.17313,-1.0989701,-1.01474,-0.92135,-0.82766002,-0.73122001
-1.17252,-1.0983599,-1.01413,-0.92105001,-0.82674998,-0.73061001
-1.17191,-1.0977499,-1.01352,-0.92044002,-0.82613999,-0.73000002
-1.1713001,-1.09714,-1.01291,-0.91983002,-0.82521999,-0.72939003
-1.1706899,-1.09653,-1.0123,-0.91921997,-0.82429999,-0.72877997
-1.1700799,-1.09592,-1.01169,-0.91829997,-0.82369,-0.72816998
-1.16947,-1.09531,-1.01108,-0.91738999,-0.82308,-0.72755998
-1.16855,-1.0947,-1.01047,-0.91646999,-0.82217002,-0.72694999
-1.16764,-1.09378,-1.00986,-0.91586,-0.82156003,-0.72634
-1.16703,-1.09317,-1.00925,-0.91525,-0.82094997,-0.72573
-1.16642,-1.0925601,-1.0086401,-0.91464001,-0.82033998,-0.72481
-1.16581,-1.0919501,-1.0080301,-0.91403002,-0.81972998,-0.72390002
-1.1652,-1.09165,-1.0074199,-0.91311002,-0.81880999,-0.72329003
-1.16459,-1.09104,-1.0068099,-0.91219997,-0.8179,-0.72267997
-1.16398,-1.09043,-1.0062,-0.91158998,-0.81729001,-0.72206998
-1.16337,-1.08951,-1.0055799,-0.91097999,-0.81637001,-0.72145998
-1.16276,-1.0889,-1.00497,-0.91005999,-0.81576002,-0.72084999
-1.16214,-1.08829,-1.00436,-0.90915,-0.81515002,-0.72024
-1.16153,-1.08768,-1.00375,-0.90854001,-0.81454003,-0.71963
-1.16092,-1.08707,-1.00314,-0.90793002,-0.81392998,-0.71871001
-1.16031,-1.08676,-1.00253,-0.90732002,-0.81331998,-0.71780002
-1.1594,-1.0861501,-1.00192,-0.90670002,-0.81270999,-0.71718001
-1.15879,-1.0855401,-1.00131,-0.90609002,-0.81178999,-0.71657002
-1.15818,-1.0849299,-1.0007,-0.90548003,-0.81118,-0.71596003
-1.15757,-1.0843199,-1.00009,-0.90486997,-0.81057,-0.71534997
-1.15696,-1.08371,-0.99948001,-0.90425998,-0.80996001,-0.71473998
-1.15635,-1.0831,-0.99887002,-0.90364999,-0.80935001,-0.71412998
-1.15574,-1.08249,-0.99826002,-0.90303999,-0.80844003,-0.71351999
-1.15513,-1.08188,-0.99765003,-0.90243,-0.80813003,-0.71261001
-1.15452,-1.08097,-0.99703997,-0.90182,-0.80721003,-0.71200001
-1.1539,-1.0803601,-0.99642998,-0.90091002,-0.80629998,-0.71139002
-1.15329,-1.07974,-0.99581999,-0.90030003,-0.80568999,-0.71078002
-1.15268,-1.0791301,-0.99489999,-0.89968997,-0.80476999,-0.71016997
-1.15207,-1.0785201,-0.99399,-0.89907998,-0.80416,-0.70955998
-1.1514601,-1.07761,-0.99338001,-0.89845997,-0.80325001,-0.70894003
-1.1508501,-1.077,-0.99277002,-0.89754999,-0.80233002,-0.70832998
-1.1502399,-1.07639,-0.99216002,-0.89662999,-0.80172002,-0.70771998
-1.14963,-1.07578,-0.99155003,-0.89602,-0.80111003,-0.70710999
-1.14902,-1.07517,-0.99062997,-0.89541,-0.80049998,-0.70649999
-1.14841,-1.07456,-0.98971999,-0.89480001,-0.79988998,-0.70589
-1.1478,-1.0739501,-0.98909998,-0.89419001,-0.79927999,-0.70528001
-1.14719,-1.0733401,-0.98848999,-0.89358002,-0.79866999,-0.70467001
-1.14658,-1.0727299,-0.98787999,-0.89297003,-0.79806,-0.70406002
-1.14597,-1.07212,-0.98727,-0.89205998,-0.79745001,-0.70345002
-1.14536,-1.0714999,-0.98636001,-0.89113998,-0.79684001,-0.70283997
-1.14475,-1.0708899,-0.98575002,-0.89052999,-0.79592001,-0.70222998
-1.14414,-1.07028,-0.98483002,-0.88992,-0.79531002,-0.70161998
-1.14353,-1.06967,-0.98391998,-0.88931,-0.79470003,-0.70100999
-1.14292,-1.06906,-0.98299998,-0.88870001,-0.79408997,-0.70039999
-1.14231,-1.06845,-0.98209,-0.88809001,-0.79347998,-0.69979
-1.1417,-1.06754,-0.98117,-0.88748002,-0.79286999,-0.69918001
-1.14109,-1.0669301,-0.98025,-0.88656002,-0.79225999,-0.69857001
-1.14048,-1.0663199,-0.97964001,-0.88564998,-0.79133999,-0.69796002
-1.13987,-1.0657099,-0.97903001,-0.88472998,-0.79073,-0.69735003
-1.1392601,-1.0651,-0.97842002,-0.88382,-0.79012001,-0.69643003
-1.1386499,-1.06449,-0.97781003,-0.88321,-0.78951001,-0.69581997
-1.1380399,-1.06388,-0.97689998,-0.88260001,-0.78860003,-0.69520998
-1.1374201,-1.06326,-0.97628999,-0.88198,-0.78767997,-0.69459999
-1.1368099,-1.06265,-0.97567999,-0.88137001,-0.78676999,-0.69398999
-1.1362,-1.06174,-0.97476,-0.88076001,-0.78615999,-0.69338
-1.1359,-1.06082,-0.97385001,-0.88015002,-0.78555,-0.69277
-1.13529,-1.06021,-0.97324002,-0.87923998,-0.78463,-0.69185001
-1.13468,-1.0596,-0.97262001,-0.87831998,-0.78372002,-0.69124001
-1.13407,-1.05869,-0.97201002,-0.87740999,-0.78280002,-0.69033003
-1.13346,-1.05808,-0.97140002,-0.87649,-0.78219002,-0.68971997
-1.1328501,-1.05747,-0.97048998,-0.87588,-0.78127003,-0.68910998
-1.1316299,-1.05686,-0.96987998,-0.87527001,-0.78065997,-0.68849999
-1.13132,-1.05625,-0.96926999,-0.87466002,-0.78004998,-0.68757999
-1.13071,-1.05564,-0.96866,-0.87405002,-0.77943999,-0.68667001
-1.1301,-1.05502,-0.96774,-0.87344003,-0.77853,-0.68575001
-1.12949,-1.0541101,-0.96683002,-0.87282997,-0.77761,-0.68484002
-1.12888,-1.0535001,-0.96591002,-0.87190998,-0.77670002,-0.68422002
-1.12827,-1.0528899,-0.96530002,-0.87129998,-0.77609003,-0.68330997
-1.12766,-1.0522799,-0.96438003,-0.87068999,-0.77547997,-0.68238997
-1.12705,-1.05167,-0.96346998,-0.87007999,-0.77486002,-0.68177998
-1.12644,-1.05106,-0.96285999,-0.86947,-0.77394998,-0.68116999
-1.1258301,-1.05045,-0.96193999,-0.86886001,-0.77333999,-0.68026
-1.1252199,-1.04984,-0.96103001,-0.86825001,-0.77272999,-0.67934
-1.1246099,-1.04923,-0.96011001,-0.86734003,-0.77181,-0.67843002
-1.124,-1.04862,-0.95920002,-0.86641997,-0.77059001,-0.67751002
-1.12339,-1.0474,-0.95828003,-0.86580998,-0.76968002,-0.67690003
-1.12278,-1.04678,-0.95766997,-0.86519998,-0.76907003,-0.67628998
-1.12217,-1.04617,-0.95705998,-0.86458999,-0.76845998,-0.67567998
-1.12156,-1.04556,-0.95644999,-0.86398,-0.76784998,-0.67506999
-1.12094,-1.04495,-0.95583999,-0.86306,-0.76723999,-0.67445999
-1.12033,-1.04404,-0.95491999,-0.86245,-0.76661998,-0.67354
-1.11972,-1.04312,-0.95401001,-0.86184001,-0.76600999,-0.67263001
-1.11911,-1.04251,-0.95309001,-0.86123002,-0.76539999,-0.67202002
-1.1185,-1.0416,-0.95218003,-0.86062002,-0.76479,-0.67141002
-1.11789,-1.04099,-0.95156997,-0.86001003,-0.76418,-0.67079997
-1.11728,-1.04038,-0.95095998,-0.85939997,-0.76357001,-0.67018998
-1.11667,-1.03977,-0.95034999,-0.85848999,-0.76266003,-0.66957998
-1.11606,-1.03916,-0.94973999,-0.85756999,-0.76204997,-0.66865999
-1.11545,-1.03854,-0.94913,-0.85664999,-0.76143998,-0.66804999
-1.11484,-1.03793,-0.94821,-0.85604,-0.76082999,-0.66744
-1.11423,-1.03732,-0.94760001,-0.85543001,-0.76021999,-0.66683
-1.11362,-1.03671,-0.94699001,-0.85482001,-0.75961,-0.66591001
-1.11301,-1.0361,-0.94607002,-0.85421002,-0.759,-0.66530001
-1.1124001,-1.03549,-0.94515997,-0.85360003,-0.75838,-0.66439003
-1.1117899,-1.03488,-0.94454998,-0.85298997,-0.75747001,-0.66346997
-1.1111799,-1.03427,-0.94393998,-0.85237998,-0.75686002,-0.66255999
-1.11057,-1.0336601,-0.94301999,-0.85176998,-0.75594002,-0.66194999
-1.10996,-1.0330499,-0.94240999,-0.85115999,-0.75502998,-0.66102999
-1.10935,-1.0324399,-0.9418,-0.85025001,-0.75441998,-0.66042
-1.10874,-1.03183,-0.94119,-0.84964001,-0.75380999,-0.65981001
-1.10813,-1.03122,-0.94058001,-0.84872001,-0.75319999,-0.65920001
-1.10752,-1.03061,-0.93997002,-0.84811002,-0.75228,-0.65859002
-1.10691,-1.03,-0.93966001,-0.84750003,-0.75167,-0.65767002
-1.1063,-1.02939,-0.93905002,-0.84658003,-0.75106001,-0.65706003
-1.1053801,-1.02878,-0.93813998,-0.84566998,-0.75045002,-0.65644997
-1.10446,-1.02817,-0.93752998,-0.84505999,-0.74953002,-0.65583998
-1.10385,-1.02756,-0.93691999,-0.84445,-0.74861997,-0.65522999
-1.10324,-1.02695,-0.93630999,-0.84353,-0.74769998,-0.65432
-1.10263,-1.02634,-0.9357,-0.84262002,-0.74678999,-0.6534
-1.10202,-1.02573,-0.93478,-0.84170002,-0.74618,-0.65249002
-1.10141,-1.02512,-0.93387002,-0.84109002,-0.74557,-0.65188003
-1.1008,-1.0242,-0.93326002,-0.84048003,-0.74496001,-0.65126002
-1.10019,-1.02359,-0.93234003,-0.83955997,-0.74404001,-0.65065002
-1.09958,-1.02298,-0.93142003,-0.83894998,-0.74343002,-0.64973998
-1.0989701,-1.02237,-0.93050998,-0.83833998,-0.74251997,-0.64881998
-1.0983599,-1.02176,-0.93019998,-0.83743,-0.74159998,-0.64820999
-1.0977499,-1.02115,-0.92958999,-0.83651,-0.74067998,-0.6476
-1.09714,-1.0202301,-0.92897999,-0.83560002,-0.73977,-0.64699
-1.09622,-1.0196199,-0.92837,-0.83468002,-0.73885,-0.64638001
-1.09561,-1.0190099,-0.92746001,-0.83407003,-0.73824,-0.64577001
-1.095,-1.0184,-0.92654002,-0.83345997,-0.73733002,-0.64486003
-1.09439,-1.01779,-0.92562997,-0.83253998,-0.73641002,-0.64393997
-1.09348,-1.01718,-0.92501998,-0.83192998,-0.73580003,-0.64332998
-1.09287,-1.01657,-0.92440999,-0.83131999,-0.73488998,-0.64271998
-1.09226,-1.01596,-0.92379999,-0.83041,-0.73427999,-0.64210999
-1.0913399,-1.01535,-0.92317998,-0.82949001,-0.73365998,-0.6415
-1.09043,-1.01474,-0.92227,-0.82888001,-0.73304999,-0.64058
-1.08982,-1.01413,-0.92166001,-0.82827002,-0.73243999,-0.63997
-1.08921,-1.01352,-0.92105001,-0.82766002,-0.73183,-0.63936001
-1.0886,-1.01291,-0.92044002,-0.82704997,-0.73122001,-0.63845003
-1.08798,-1.0123,-0.91983002,-0.82643998,-0.73061001,-0.63753003
-1.08737,-1.01169,-0.91891003,-0.82552999,-0.73000002,-0.63691998
-1.08676,-1.01108,-0.91829997,-0.82492,-0.72939003,-0.63600999
-1.0861501,-1.01047,-0.91768998,-0.82429999,-0.72847998,-0.6354
-1.08524,-1.00986,-0.91707999,-0.82369,-0.72755998,-0.63477999
-1.0843199,-1.00925,-0.91646999,-0.82308,-0.72694999,-0.63387001
-1.08341,-1.0086401,-0.91556001,-0.82278001,-0.72634,-0.63295001
-1.08249,-1.0080301,-0.91494,-0.82186002,-0.72542,-0.63204002
-1.08158,-1.0074199,-0.91403002,-0.82094997,-0.72481,-0.63142997
-1.08066,-1.0068099,-0.91342002,-0.82002997,-0.72390002,-0.63050997
-1.08005,-1.00589,-0.91281003,-0.81972998,-0.72298002,-0.62959999
-1.07944,-1.00528,-0.91188997,-0.81911999,-0.72206998,-0.62867999
-1.07883,-1.00467,-0.91127998,-0.81819999,-0.72145998,-0.62777001
-1.07822,-1.00406,-0.91066998,-0.81729001,-0.72084999,-0.62685001
-1.07761,-1.00345,-0.91005999,-0.81637001,-0.72024,-0.62624002
-1.077,-1.00253,-0.90944999,-0.81545001,-0.71963,-0.62563002
-1.07639,-1.00192,-0.90884,-0.81484002,-0.71902001,-0.62502003
-1.07578,-1.0010099,-0.90823001,-0.81423002,-0.71841002,-0.62410003
-1.07517,-1.0003999,-0.90762001,-0.81361997,-0.71780002,-0.62348998
-1.07456,-0.99979001,-0.90701002,-0.81270999,-0.71718001,-0.62287998
-1.0739501,-0.99918002,-0.90640002,-0.81178999,-0.71627003,-0.62226999
-1.0733401,-0.99826002,-0.90578997,-0.81088001,-0.71534997,-0.62165999
-1.0727299,-0.99734002,-0.90517998,-0.80996001,-0.71443999,-0.62105
-1.07212,-0.99673003,-0.90456998,-0.80935001,-0.71351999,-0.62044001
-1.0714999,-0.99581999,-0.90395999,-0.80874002,-0.71291,-0.61983001
-1.0708899,-0.99520999,-0.90303999,-0.80813003,-0.7123,-0.61922002
-1.07028,-0.9946,-0.90243,-0.80721003,-0.71169001,-0.61861002
-1.06967,-0.99399,-0.90182,-0.80659997,-0.71078002,-0.61799997
-1.06906,-0.99307001,-0.90121001,-0.80598998,-0.71016997,-0.61738998
-1.06845,-0.99246001,-0.90060002,-0.80508,-0.70955998,-0.61646998
-1.06784,-0.99185002,-0.89999002,-0.80416,-0.70924997,-0.61556
-1.06723,-0.99124002,-0.89938003,-0.80355,-0.70863998,-0.61495
-1.06662,-0.99062997,-0.89876997,-0.80294001,-0.70802999,-0.61434001
-1.06601,-0.99001998,-0.89784998,-0.80233002,-0.70741999,-0.61342001
-1.0654,-0.98940998,-0.89723998,-0.80172002,-0.70681,-0.61281002
-1.06479,-0.98879999,-0.89633,-0.80111003,-0.70589,-0.61220002
-1.06388,-0.98819,-0.89541,-0.80019999,-0.70498002,-0.61128998
-1.06326,-0.98758,-0.89450002,-0.79957998,-0.70437002,-0.61036998
-1.06265,-0.98697001,-0.89358002,-0.79896998,-0.70406002,-0.60975999
-1.06204,-0.98636001,-0.89266998,-0.79835999,-0.70345002,-0.60914999
-1.06143,-0.98544002,-0.89174998,-0.79775,-0.70253998,-0.60854
-1.06082,-0.98452997,-0.89113998,-0.79684001,-0.70161998,-0.60793
-1.06021,-0.98391998,-0.89052999,-0.79562002,-0.70100999,-0.60732001
-1.0596,-0.98330998,-0.88992,-0.79470003,-0.70039999,-0.60640001
-1.05899,-0.98269999,-0.889,-0.79408997,-0.69979,-0.60579002
-1.05838,-0.98209,-0.88839,-0.79347998,-0.69887,-0.60518003
-1.05777,-0.98148,-0.88778001,-0.79286999,-0.69826001,-0.60456997
-1.05716,-0.98085999,-0.88717002,-0.79196,-0.69765002,-0.60395998
-1.05655,-0.98025,-0.88656002,-0.79104,-0.69704002,-0.60334998
-1.05594,-0.97964001,-0.88595003,-0.79043001,-0.69643003,-0.60273999
-1.05533,-0.97903001,-0.88503999,-0.78951001,-0.69581997,-0.60213
-1.05472,-0.97842002,-0.88442999,-0.78860003,-0.69490999,-0.60152
-1.0541101,-0.97781003,-0.88382,-0.78798997,-0.6943,-0.60091001
-1.0535001,-0.97719997,-0.88321,-0.78737998,-0.69338,-0.60030001
-1.0528899,-0.97628999,-0.88260001,-0.78676999,-0.69247001,-0.59969002
-1.0522799,-0.97567999,-0.88168001,-0.78615999,-0.69185001,-0.59877002
-1.05167,-0.97507,-0.88076001,-0.78555,-0.69094002,-0.59785998
-1.05075,-0.97446001,-0.87984997,-0.78494,-0.69002002,-0.59693998
-1.05014,-0.97324002,-0.87892997,-0.78402001,-0.68940997,-0.59632999
-1.04953,-0.97262001,-0.87831998,-0.78310001,-0.68879998,-0.59603
-1.04892,-0.97171003,-0.87770998,-0.78219002,-0.68818998,-0.59542
-1.04831,-0.97109997,-0.87709999,-0.78127003,-0.68728,-0.59450001
-1.0477,-0.97048998,-0.87649,-0.78065997,-0.68636,-0.59389001
-1.0470901,-0.96956998,-0.87588,-0.78004998,-0.68575001,-0.59328002
-1.0464799,-0.96895999,-0.87527001,-0.77943999,-0.68484002,-0.59267002
-1.0458699,-0.96834999,-0.87436002,-0.77882999,-0.68392003,-0.59206003
-1.04526,-0.96774,-0.87344003,-0.77792001,-0.68300003,-0.59144998
-1.04465,-0.96713001,-0.87252003,-0.77700001,-0.68238997,-0.59083998
-1.04404,-0.96652001,-0.87160999,-0.77639002,-0.68177998,-0.59022999
-1.04343,-0.96591002,-0.87099999,-0.77547997,-0.68087,-0.58930999
-1.04282,-0.96530002,-0.87039,-0.77486002,-0.67995,-0.5887
-1.04221,-0.96469003,-0.86947,-0.77424997,-0.67934,-0.58809
-1.0416,-0.96376997,-0.86886001,-0.77363998,-0.67873001,-0.58687001
-1.04099,-0.96285999,-0.86825001,-0.77302998,-0.67812002,-0.58595997
-1.04038,-0.96193999,-0.86764002,-0.77241999,-0.67720997,-0.58534998
-1.03977,-0.96103001,-0.86672997,-0.77181,-0.67659998,-0.58442998
-1.03916,-0.96042001,-0.86580998,-0.77090001,-0.67597997,-0.58350998
-1.03854,-0.95981002,-0.86519998,-0.76998001,-0.67536998,-0.5826
-1.03793,-0.95889002,-0.86427999,-0.76937002,-0.67475998,-0.58168
-1.03732,-0.95797998,-0.86366999,-0.76845998,-0.67414999,-0.58107001
-1.03671,-0.95736998,-0.86306,-0.76753998,-0.67324001,-0.58046001
-1.0361,-0.95644999,-0.86245,-0.76692998,-0.67263001,-0.57985002
-1.03549,-0.95552999,-0.86154002,-0.76600999,-0.67202002,-0.57924002
-1.03488,-0.95491999,-0.86062002,-0.7651,-0.67141002,-0.57862997
-1.03427,-0.95431,-0.85970998,-0.76449001,-0.67079997,-0.57771999
-1.0336601,-0.95370001,-0.85878998,-0.76388001,-0.67018998,-0.57679999
-1.0330499,-0.95309001,-0.85817999,-0.76327002,-0.66957998,-0.57587999
-1.0324399,-0.95248002,-0.85756999,-0.76235002,-0.66865999,-0.57527
-1.03183,-0.95187002,-0.85664999,-0.76143998,-0.66804999,-0.57466
-1.03122,-0.95125997,-0.85604,-0.76051998,-0.66744,-0.57405001
-1.03061,-0.95034999,-0.85543001,-0.75990999,-0.66652,-0.57314003
-1.03,-0.94973999,-0.85452002,-0.75929999,-0.66561002,-0.57252997
-1.02939,-0.94913,-0.85391003,-0.75869,-0.66500002,-0.57160997
-1.02878,-0.94821,-0.85298997,-0.75777,-0.66439003,-0.57069999
-1.02817,-0.94729,-0.85237998,-0.75686002,-0.66377997,-0.57009
-1.02756,-0.94638002,-0.85146999,-0.75594002,-0.66316998,-0.56948
-1.02695,-0.94546002,-0.85086,-0.75533003,-0.66224998,-0.56856
-1.02634,-0.94454998,-0.85025001,-0.75471997,-0.66134,-0.56795001
-1.02573,-0.94362998,-0.84964001,-0.75410998,-0.66073,-0.56734002
-1.02512,-0.94301999,-0.84902,-0.75349998,-0.66012001,-0.56612003
-1.02451,-0.94211,-0.84841001,-0.75288999,-0.6595,-0.56550997
-1.02359,-0.94150001,-0.84750003,-0.75228,-0.65889001,-0.56489998
-1.02298,-0.94089001,-0.84658003,-0.75167,-0.65828001,-0.56428999
-1.02237,-0.94028002,-0.84566998,-0.75106001,-0.65736997,-0.56367999
-1.02176,-0.93966001,-0.84474999,-0.75014001,-0.65644997,-0.56307
-1.02115,-0.93875003,-0.84413999,-0.74953002,-0.65553999,-0.56246001
-1.02054,-0.93782997,-0.84353,-0.74861997,-0.65461999,-0.56185001
-1.01993,-0.93691999,-0.84292001,-0.74769998,-0.65371001,-0.56124002
-1.01932,-0.93630999,-0.84231001,-0.74708998,-0.65310001,-0.56063002
-1.01871,-0.9357,-0.84170002,-0.74647999,-0.65249002,-0.55971003
-1.0181,-0.93509001,-0.84109002,-0.74557,-0.65188003,-0.55909997
-1.01749,-0.93448001,-0.84048003,-0.74465001,-0.65096003,-0.55848998
-1.01627,-0.93387002,-0.83986998,-0.74374002,-0.65034997,-0.55756998
-1.01566,-0.93326002,-0.83894998,-0.74282002,-0.64973998,-0.55666
-1.0150501,-0.93265003,-0.83833998,-0.74190003,-0.64912999,-0.55574
-1.0144399,-0.93203998,-0.83772999,-0.74098998,-0.64820999,-0.55513
-1.0138201,-0.93142003,-0.83712,-0.74037999,-0.6473,-0.55452001
-1.0132101,-0.93080997,-0.83621001,-0.73977,-0.64669001,-0.55391002
-1.0125999,-0.93019998,-0.83560002,-0.73916,-0.64608002,-0.55299997
-1.01199,-0.92958999,-0.83499002,-0.73855001,-0.64547002,-0.55207998
-1.01138,-0.92868,-0.83407003,-0.73763001,-0.64486003,-0.55146998
-1.01047,-0.92776,-0.83345997,-0.73672003,-0.64424998,-0.55085999
-1.00986,-0.92715001,-0.83253998,-0.73580003,-0.64332998,-0.55024999
-1.00925,-0.92624003,-0.83192998,-0.73518997,-0.64271998,-0.54964
-1.0086401,-0.92532003,-0.83102,-0.73457998,-0.64179999,-0.54872
-1.0080301,-0.92470998,-0.8301,-0.73396999,-0.64089,-0.54811001
-1.0074199,-0.92409998,-0.82949001,-0.73335999,-0.64028001,-0.54750001
-1.0068099,-0.92348999,-0.82888001,-0.73275,-0.63967001,-0.54689002
-1.0062,-0.92287999,-0.82827002,-0.73214,-0.63875002,-0.54628003
-1.0055799,-0.92196,-0.82735997,-0.73122001,-0.63814002,-0.54536998
-1.00497,-0.92105001,-0.82643998,-0.73061001,-0.63753003,-0.54444999
-1.00436,-0.92044002,-0.82552999,-0.73000002,-0.63691998,-0.54352999
-1.00375,-0.91983002,-0.82460999,-0.72939003,-0.63630998,-0.54262
-1.00314,-0.91921997,-0.82369,-0.72877997,-0.6354,-0.54170001
-1.00253,-0.91860998,-0.82278001,-0.72786999,-0.63448,-0.54079002
-1.00192,-0.91799998,-0.82217002,-0.72694999,-0.63356,-0.54018003
-1.00131,-0.91707999,-0.82156003,-0.72604001,-0.63295001,-0.53956997
-1.0007,-0.91646999,-0.82064003,-0.72542,-0.63234001,-0.53895998
-1.00009,-0.91586,-0.81972998,-0.72481,-0.63173002,-0.53834999
-0.99948001,-0.91525,-0.81911999,-0.72420001,-0.63112003,-0.53742999
-0.99887002,-0.91464001,-0.81851,-0.72329003,-0.63050997,-0.53652
-0.99826002,-0.91403002,-0.8179,-0.72237003,-0.62989998,-0.53560001
-0.99765003,-0.91342002,-0.81729001,-0.72145998,-0.62928998,-0.53468001
-0.99703997,-0.91281003,-0.81668001,-0.72084999,-0.62838,-0.53377002
-0.99642998,-0.91219997,-0.81576002,-0.72024,-0.62746,-0.53315997
-0.99550998,-0.91127998,-0.81515002,-0.71963,-0.62685001,-0.53254998
-0.99489999,-0.91036999,-0.81423002,-0.71871001,-0.62624002,-0.53162998
-0.99428999,-0.90976,-0.81331998,-0.71810001,-0.62532002,-0.53072
-0.99368,-0.90915,-0.81239998,-0.71749002,-0.62471002,-0.53011
-0.99307001,-0.90854001,-0.81149,-0.71657002,-0.62410003,-0.52950001
-0.99216002,-0.90793002,-0.81057,-0.71565998,-0.62348998,-0.52889001
-0.99124002,-0.90732002,-0.80996001,-0.71473998,-0.62287998,-0.52828002
-0.99062997,-0.90670002,-0.80935001,-0.71382999,-0.62197,-0.52736002
-0.99001998,-0.90609002,-0.80874002,-0.71322,-0.62105,-0.52675003
-0.98940998,-0.90548003,-0.80813003,-0.71261001,-0.62014002,-0.52613997
-0.98879999,-0.90486997,-0.80751997,-0.71200001,-0.61953002,-0.52552998
-0.98819,-0.90425998,-0.80690998,-0.71139002,-0.61861002,-0.52491999
-0.98758,-0.90364999,-0.80629998,-0.71047002,-0.61769003,-0.52430999
-0.98666,-0.90303999,-0.80568999,-0.70986003,-0.61707997,-0.5237
-0.98605001,-0.90243,-0.80476999,-0.70924997,-0.61616999,-0.52278
-0.98544002,-0.90182,-0.80416,-0.70863998,-0.61524999,-0.52217001
-0.98483002,-0.90121001,-0.80355,-0.70802999,-0.61434001,-0.52126002
-0.98422003,-0.90060002,-0.80294001,-0.70741999,-0.61342001,-0.52065003
-0.98360997,-0.89999002,-0.80233002,-0.70681,-0.61281002,NaN
-0.98299998,-0.89907998,-0.80172002,-0.7062,-0.61220002,NaN
-0.98238999,-0.89845997,-0.80111003,-0.70559001,-0.61159003,NaN
-0.98177999,-0.89754999,-0.80049998,-0.70498002,-0.61097997,NaN
-0.98117,-0.89662999,-0.79988998,-0.70437002,-0.61036998,NaN
-0.98025,-0.89602,-0.79927999,-0.70376003,-0.60944998,NaN
-0.97934002,-0.89572001,-0.79835999,-0.70283997,-0.60854,NaN
-0.97842002,-0.89480001,-0.79775,-0.70192999,-0.60793,NaN
-0.97781003,-0.89358002,-0.79714,-0.70100999,-0.60732001,NaN
-0.97719997,-0.89297003,-0.79623002,-0.70008999,-0.60671002,NaN
-0.97658998,-0.89235997,-0.79562002,-0.69948,-0.60610002,NaN
-0.97597998,-0.89144999,-0.79500997,-0.69887,-0.60549003,NaN
-0.97507,-0.89052999,-0.79439998,-0.69826001,-0.60487998,NaN
-0.97446001,-0.89021999,-0.79378998,-0.69735003,-0.60426998,NaN
-0.97354001,-0.88960999,-0.79317999,-0.69643003,-0.60365999,NaN
-0.97293001,-0.88870001,-0.79225999,-0.69551998,-0.60304999,NaN
-0.97232002,-0.88839,-0.79133999,-0.69490999,-0.60244,NaN
-0.97171003,-0.88778001,-0.79043001,-0.69398999,-0.60152,NaN
-0.97079003,-0.88717002,-0.78982002,-0.69308001,-0.6006,NaN
-0.97017998,-0.88625997,-0.78921002,-0.69247001,-0.59969002,NaN
-0.96956998,-0.88564998,-0.78860003,-0.69185001,-0.59877002,NaN
-0.96895999,-0.88503999,-0.78767997,-0.69124001,-0.59785998,NaN
-0.96834999,-0.88442999,-0.78676999,-0.69033003,-0.59724998,NaN
-0.96774,-0.88382,-0.78584999,-0.68940997,-0.59663999,NaN
-0.96683002,-0.8829,-0.78523999,-0.68849999,-0.59571999,NaN
-0.96622002,-0.88198,-0.78463,-0.68788999,-0.59481001,NaN
-0.96530002,-0.88107002,-0.78372002,-0.68728,-0.59420002,NaN
-0.96438003,-0.88046002,-0.78280002,-0.68636,-0.59328002,NaN
-0.96376997,-0.87984997,-0.78219002,-0.68545002,-0.59236002,NaN
-0.96315998,-0.87892997,-0.78157997,-0.68484002,-0.59144998,NaN
-0.96254998,-0.87831998,-0.78096998,-0.68422002,-0.59083998,NaN
-0.96164,-0.87801999,-0.78035998,-0.68361002,-0.59022999,NaN
-0.96072,-0.87740999,-0.77974999,-0.68300003,-0.58961999,NaN
-0.96011001,-0.8768,-0.77882999,-0.68238997,-0.5887,NaN
-0.95950001,-0.87619001,-0.77822,-0.68147999,-0.58809,NaN
-0.95889002,-0.87527001,-0.77761,-0.68055999,-0.58748001,NaN
-0.95797998,-0.87436002,-0.77670002,-0.67965001,-0.58657002,NaN
-0.95705998,-0.87344003,-0.77578002,-0.67904001,-0.58565003,NaN
-0.95644999,-0.87282997,-0.77517003,-0.67812002,-0.58473003,NaN
-0.95583999,-0.87221998,-0.77455997,-0.67751002,-0.58411998,NaN
-0.95491999,-0.87129998,-0.77394998,-0.67659998,-0.58320999,NaN
-0.95401001,-0.87068999,-0.77302998,-0.67597997,-0.5826,NaN
-0.95340002,-0.87007999,-0.77212,-0.67536998,-0.58199,NaN
-0.95248002,-0.86947,-0.77151,-0.67475998,-0.58107001,NaN
-0.95187002,-0.86886001,-0.77059001,-0.67385,-0.58016002,NaN
-0.95125997,-0.86825001,-0.76998001,-0.67293,-0.57955003,NaN
-0.95003998,-0.86734003,-0.76937002,-0.67232001,NaN,NaN
-0.94942999,-0.86672997,-0.76876003,-0.67171001,NaN,NaN
-0.94852,-0.86611998,-0.76814997,-0.67110002,NaN,NaN
-0.9479,-0.86549997,-0.76723999,-0.67049003,NaN,NaN
-0.94729,-0.86488998,-0.76631999,-0.66987997,NaN,NaN
-0.94638002,-0.86427999,-0.76539999,-0.66896999,NaN,NaN
-0.94546002,-0.86366999,-0.76449001,-0.66804999,NaN,NaN
-0.94454998,-0.86276001,-0.76357001,-0.66744,NaN,NaN
-0.94393998,-0.86184001,-0.76296002,-0.66683,NaN,NaN
-0.94332999,-0.86123002,-0.76235002,-0.66591001,NaN,NaN
-0.94272,-0.86062002,-0.76174003,-0.66530001,NaN,NaN
-0.9418,-0.86001003,-0.76112998,-0.66469002,NaN,NaN
-0.94089001,-0.85939997,-0.76051998,-0.66408002,NaN,NaN
-0.93997002,-0.85878998,-0.75990999,-0.66346997,NaN,NaN
-0.93936002,-0.85817999,-0.75929999,-0.66285998,NaN,NaN
-0.93875003,-0.85725999,-0.75869,-0.66194999,NaN,NaN
-0.93782997,-0.85635,-0.75808001,-0.66134,NaN,NaN
-0.93691999,-0.85574001,-0.75716001,-0.66042,NaN,NaN
-0.93630999,-0.85482001,-0.75625002,-0.65981001,NaN,NaN
-0.9357,-0.85391003,-0.75533003,-0.65920001,NaN,NaN
-0.93509001,-0.85329998,-0.75471997,-0.65859002,NaN,NaN
-0.93448001,-0.85268998,-0.75410998,-0.65798002,NaN,NaN
-0.93387002,-0.85176998,-0.75319999,-0.65736997,NaN,NaN
-0.93295002,-0.85055,-0.75259,-0.65644997,NaN,NaN
-0.93234003,-0.84994,-0.75167,-0.65553999,NaN,NaN
-0.93172997,-0.84933001,-0.75076002,-0.65461999,NaN,NaN
-0.93111998,-0.84872001,-0.74984002,-0.65401,NaN,NaN
-0.93050998,-0.84811002,-0.74923003,-0.6534,NaN,NaN
-0.92989999,-0.84719002,-0.74831003,-0.65279001,NaN,NaN
-0.92929,-0.84627998,-0.74769998,-0.65218002,NaN,NaN
-0.92868,-0.84535998,-0.74708998,-0.65157002,NaN,NaN
-0.92776,-0.84474999,-0.74618,-0.65096003,NaN,NaN
-0.92685002,-0.84413999,-0.74526,-0.65034997,NaN,NaN
-0.92624003,-0.84353,-0.74465001,-0.64973998,NaN,NaN
-0.92532003,-0.84292001,-0.74404001,-0.64912999,NaN,NaN
-0.92470998,-0.84231001,-0.74374002,-0.64820999,NaN,NaN
-0.92409998,-0.84140003,-0.74313003,-0.6476,NaN,NaN
-0.92317998,-0.84048003,-0.74251997,-0.64699,NaN,NaN
-0.92256999,-0.83986998,-0.74159998,-0.64638001,NaN,NaN
-0.92196,-0.83925998,-0.74098998,-0.64577001,NaN,NaN
-0.92135,-0.83864999,-0.74037999,-0.64516002,NaN,NaN
-0.92044002,-0.83803999,-0.73977,-0.64455003,NaN,NaN
-0.91952002,-0.83743,-0.73916,-0.64393997,NaN,NaN
-0.91891003,-0.83682001,-0.73855001,-0.64332998,NaN,NaN
-0.91799998,-0.83621001,-0.73763001,-0.64240998,NaN,NaN
-0.91707999,-0.83560002,-0.73672003,-0.6415,NaN,NaN
-0.91646999,-0.83499002,-0.73580003,-0.64089,NaN,NaN
-0.91586,-0.83437997,-0.73518997,-0.64028001,NaN,NaN
-0.91525,-0.83345997,-0.73457998,-0.63967001,NaN,NaN
-0.91464001,-0.83253998,-0.73335999,-0.63875002,NaN,NaN
-0.91372001,-0.83192998,-0.73304999,-0.63814002,NaN,NaN
-0.91281003,-0.83131999,-0.73243999,-0.63753003,NaN,NaN
-0.91219997,-0.83070999,-0.73183,-0.63691998,NaN,NaN
-0.91127998,-0.8301,-0.73092002,NaN,NaN,NaN
-0.91066998,-0.82949001,-0.73031002,NaN,NaN,NaN
-0.91005999,-0.82888001,-0.72970003,NaN,NaN,NaN
-0.90944999,-0.82797003,-0.72877997,NaN,NaN,NaN
-0.90884,-0.82704997,-0.72816998,NaN,NaN,NaN
-0.90823001,-0.82643998,-0.72755998,NaN,NaN,NaN
-0.90762001,-0.82582998,-0.72694999,NaN,NaN,NaN
-0.90670002,-0.82521999,-0.72634,NaN,NaN,NaN
-0.90609002,-0.82460999,-0.72573,NaN,NaN,NaN
-0.90548003,-0.824,-0.72512001,NaN,NaN,NaN
-0.90517998,-0.82339001,-0.72451001,NaN,NaN,NaN
-0.90456998,-0.82278001,-0.72390002,NaN,NaN,NaN
-0.90395999,-0.82186002,-0.72329003,NaN,NaN,NaN
-0.90303999,-0.82094997,-0.72267997,NaN,NaN,NaN
-0.90243,-0.82033998,-0.72175997,NaN,NaN,NaN
-0.90182,-0.81941998,-0.72084999,NaN,NaN,NaN
-0.90121001,-0.81880999,-0.71992999,NaN,NaN,NaN
-0.90060002,-0.81819999,-0.71932,NaN,NaN,NaN
-0.89999002,-0.81759,-0.71871001,NaN,NaN,NaN
-0.89938003,-0.81668001,-0.71810001,NaN,NaN,NaN
-0.89876997,-0.81576002,-0.71749002,NaN,NaN,NaN
-0.89784998,-0.81515002,-0.71718001,NaN,NaN,NaN
-0.89693999,-0.81423002,-0.71627003,NaN,NaN,NaN
-0.89602,-0.81331998,-0.71565998,NaN,NaN,NaN
-0.89541,-0.81239998,-0.71473998,NaN,NaN,NaN
-0.89480001,-0.81178999,-0.71412998,NaN,NaN,NaN
-0.89419001,-0.81118,-0.71351999,NaN,NaN,NaN
-0.89358002,-0.81057,-0.71291,NaN,NaN,NaN
-0.89297003,-0.80996001,-0.71200001,NaN,NaN,NaN
-0.89235997,-0.80935001,-0.71108001,NaN,NaN,NaN
-0.89174998,-0.80874002,-0.71016997,NaN,NaN,NaN
-0.89113998,-0.80813003,-0.70955998,NaN,NaN,NaN
-0.89021999,-0.80721003,-0.70894003,NaN,NaN,NaN
-0.88931,-0.80659997,-0.70832998,NaN,NaN,NaN
-0.88839,-0.80598998,-0.70771998,NaN,NaN,NaN
-0.88778001,-0.80537999,-0.70681,NaN,NaN,NaN
-0.88717002,-0.80447,-0.7062,NaN,NaN,NaN
-0.88656002,-0.80386001,-0.70559001,NaN,NaN,NaN
-0.88564998,-0.80294001,-0.70498002,NaN,NaN,NaN
-0.88472998,-0.80203003,-0.70437002,NaN,NaN,NaN
-0.88411999,-0.80141997,-0.70345002,NaN,NaN,NaN
-0.88350999,-0.80080998,-0.70283997,NaN,NaN,NaN
-0.8829,-0.80019999,-0.70222998,NaN,NaN,NaN
-0.88229001,-0.79927999,-0.70161998,NaN,NaN,NaN
-0.88168001,-0.79866999,-0.70100999,NaN,NaN,NaN
-0.88107002,-0.79806,-0.70039999,NaN,NaN,NaN
-0.88046002,-0.79745001,-0.69979,NaN,NaN,NaN
-0.87984997,-0.79684001,-0.69887,NaN,NaN,NaN
-0.87892997,-0.79592001,-0.69796002,NaN,NaN,NaN
-0.87801999,-0.79500997,-0.69704002,NaN,NaN,NaN
-0.87740999,-0.79439998,-0.69612998,NaN,NaN,NaN
-0.87649,-0.79378998,-0.69520998,NaN,NaN,NaN
-0.87558001,-0.79256999,-0.6943,NaN,NaN,NaN
-0.87497002,-0.79196,-0.69369,NaN,NaN,NaN
-0.87436002,-0.79133999,-0.69277,NaN,NaN,NaN
-0.87344003,-0.79073,-0.69216001,NaN,NaN,NaN
-0.87282997,-0.79012001,-0.69124001,NaN,NaN,NaN
-0.87221998,-0.78951001,-0.69033003,NaN,NaN,NaN
-0.87160999,-0.78890002,-0.68971997,NaN,NaN,NaN
-0.87099999,-0.78829002,NaN,NaN,NaN,NaN
-0.87039,-0.78737998,NaN,NaN,NaN,NaN
-0.86978,-0.78645998,NaN,NaN,NaN,NaN
-0.86886001,-0.78555,NaN,NaN,NaN,NaN
-0.86825001,-0.78463,NaN,NaN,NaN,NaN
-0.86764002,-0.78402001,NaN,NaN,NaN,NaN
-0.86703002,-0.78341001,NaN,NaN,NaN,NaN
-0.86641997,-0.78280002,NaN,NaN,NaN,NaN
-0.86580998,-0.78188002,NaN,NaN,NaN,NaN
-0.86488998,-0.78127003,NaN,NaN,NaN,NaN
-0.86427999,-0.78065997,NaN,NaN,NaN,NaN
-0.86337,-0.78004998,NaN,NaN,NaN,NaN
-0.86245,-0.77943999,NaN,NaN,NaN,NaN
-0.86184001,-0.77882999,NaN,NaN,NaN,NaN
-0.86123002,-0.77822,NaN,NaN,NaN,NaN
-0.86062002,-0.77761,NaN,NaN,NaN,NaN
-0.86001003,-0.77700001,NaN,NaN,NaN,NaN
-0.85909998,-0.77639002,NaN,NaN,NaN,NaN
-0.85848999,-0.77578002,NaN,NaN,NaN,NaN
-0.85788,-0.77517003,NaN,NaN,NaN,NaN
-0.85725999,-0.77424997,NaN,NaN,NaN,NaN
-0.85635,-0.77363998,NaN,NaN,NaN,NaN
-0.85574001,-0.77272999,NaN,NaN,NaN,NaN
-0.85513002,-0.77181,NaN,NaN,NaN,NaN
-0.85452002,-0.7712,NaN,NaN,NaN,NaN
-0.85391003,-0.77059001,NaN,NaN,NaN,NaN
-0.85329998,-0.76998001,NaN,NaN,NaN,NaN
-0.85268998,-0.76907003,NaN,NaN,NaN,NaN
-0.85176998,-0.76845998,NaN,NaN,NaN,NaN
-0.85115999,-0.76784998,NaN,NaN,NaN,NaN
-0.85055,-0.76723999,NaN,NaN,NaN,NaN
-0.84994,-0.76661998,NaN,NaN,NaN,NaN
-0.84933001,-0.76571,NaN,NaN,NaN,NaN
-0.84841001,-0.76479,NaN,NaN,NaN,NaN
-0.84780002,-0.76418,NaN,NaN,NaN,NaN
-0.84719002,-0.76357001,NaN,NaN,NaN,NaN
-0.84658003,-0.76296002,NaN,NaN,NaN,NaN
-0.84596997,-0.76235002,NaN,NaN,NaN,NaN
-0.84535998,-0.76174003,NaN,NaN,NaN,NaN
-0.84474999,-0.76082999,NaN,NaN,NaN,NaN
-0.84413999,-0.76021999,NaN,NaN,NaN,NaN
-0.84323001,-0.75961,NaN,NaN,NaN,NaN
-0.84262002,-0.759,NaN,NaN,NaN,NaN
-0.84201002,-0.75838,NaN,NaN,NaN,NaN
-0.84140003,-0.75777,NaN,NaN,NaN,NaN
-0.84048003,-0.75716001,NaN,NaN,NaN,NaN
-0.83986998,-0.75655001,NaN,NaN,NaN,NaN
-0.83925998,-0.75594002,NaN,NaN,NaN,NaN
-0.83833998,-0.75533003,NaN,NaN,NaN,NaN
-0.83772999,-0.75441998,NaN,NaN,NaN,NaN
-0.83712,-0.75349998,NaN,NaN,NaN,NaN
-0.83651,-0.75288999,NaN,NaN,NaN,NaN
-0.83560002,-0.75228,NaN,NaN,NaN,NaN
-0.83468002,-0.75167,NaN,NaN,NaN,NaN
-0.83407003,-0.75106001,NaN,NaN,NaN,NaN
-0.83345997,-0.75045002,NaN,NaN,NaN,NaN
-0.83284998,-0.74984002,NaN,NaN,NaN,NaN
-0.83223999,-0.74861997,NaN,NaN,NaN,NaN
-0.83131999,-0.74800998,NaN,NaN,NaN,NaN
-0.83070999,-0.74739999,NaN,NaN,NaN,NaN
-0.8301,-0.74647999,NaN,NaN,NaN,NaN
-0.82949001,-0.74557,NaN,NaN,NaN,NaN
-0.82888001,-0.74496001,NaN,NaN,NaN,NaN
-0.82827002,-0.74435002,NaN,NaN,NaN,NaN
-0.82735997,-0.74374002,NaN,NaN,NaN,NaN
-0.82674998,-0.74313003,NaN,NaN,NaN,NaN
-0.82613999,NaN,NaN,NaN,NaN,NaN
-0.82521999,NaN,NaN,NaN,NaN,NaN
-0.82460999,NaN,NaN,NaN,NaN,NaN
-0.82369,NaN,NaN,NaN,NaN,NaN
-0.82278001,NaN,NaN,NaN,NaN,NaN
-0.82186002,NaN,NaN,NaN,NaN,NaN
-0.82094997,NaN,NaN,NaN,NaN,NaN
-0.82033998,NaN,NaN,NaN,NaN,NaN
-0.81972998,NaN,NaN,NaN,NaN,NaN
-0.81911999,NaN,NaN,NaN,NaN,NaN
-0.81819999,NaN,NaN,NaN,NaN,NaN
-0.81729001,NaN,NaN,NaN,NaN,NaN
-0.81668001,NaN,NaN,NaN,NaN,NaN
-0.81576002,NaN,NaN,NaN,NaN,NaN
-0.81484002,NaN,NaN,NaN,NaN,NaN
-0.81423002,NaN,NaN,NaN,NaN,NaN
-0.81300998,NaN,NaN,NaN,NaN,NaN
-0.81239998,NaN,NaN,NaN,NaN,NaN
-0.81178999,NaN,NaN,NaN,NaN,NaN
-0.81118,NaN,NaN,NaN,NaN,NaN
-0.81027001,NaN,NaN,NaN,NaN,NaN
-0.80935001,NaN,NaN,NaN,NaN,NaN
-0.80874002,NaN,NaN,NaN,NaN,NaN
-0.80813003,NaN,NaN,NaN,NaN,NaN
-0.80751997,NaN,NaN,NaN,NaN,NaN
-0.80659997,NaN,NaN,NaN,NaN,NaN
-0.80568999,NaN,NaN,NaN,NaN,NaN
-0.80508,NaN,NaN,NaN,NaN,NaN
-0.80416,NaN,NaN,NaN,NaN,NaN
-0.80325001,NaN,NaN,NaN,NaN,NaN
-0.80233002,NaN,NaN,NaN,NaN,NaN
-0.80172002,NaN,NaN,NaN,NaN,NaN
-0.80111003,NaN,NaN,NaN,NaN,NaN
-0.80049998,NaN,NaN,NaN,NaN,NaN
-0.79988998,NaN,NaN,NaN,NaN,NaN
-0.79927999,NaN,NaN,NaN,NaN,NaN
-0.79866999,NaN,NaN,NaN,NaN,NaN
-0.79775,NaN,NaN,NaN,NaN,NaN
-0.79714,NaN,NaN,NaN,NaN,NaN
-0.79623002,NaN,NaN,NaN,NaN,NaN
-0.79531002,NaN,NaN,NaN,NaN,NaN
-0.79439998,NaN,NaN,NaN,NaN,NaN
-0.79347998,NaN,NaN,NaN,NaN,NaN
-0.79286999,NaN,NaN,NaN,NaN,NaN
-0.79225999,NaN,NaN,NaN,NaN,NaN
-0.79133999,NaN,NaN,NaN,NaN,NaN
-0.79073,NaN,NaN,NaN,NaN,NaN
-0.79012001,NaN,NaN,NaN,NaN,NaN
-0.78951001,NaN,NaN,NaN,NaN,NaN
